Date,ABSA,ARM,BAMB,BAT,BOC,BRIT,CABL,CARB,CGEN,CIC,COOP,CRWN,CTUM,DCON,DTK,EABL,EGAD,EQTY,EVRD,FAHR,FTGH,HAFR,HFCK,IMH,JUB,KAPC,KCB,KEGN,KENO,KNRE,KPLC,KPLC-P4,KPLC-P7,KQ,KUKZ,KURV,LBTY,LIMT,LKL,MSC,NBK,NBV,NCBA,NMG,NSE,OCH,ORCH,PORT,SASN,SBIC,SCAN,SCBK,SCOM,SGL,SLAM,SMER,TCL,TOTL,TPSE,UCHM,UMME,UNGA,WTK,XPRS,^FNK15,^N20I,^N25I,^NASI
09/05/2015,7.95,19.75,160,781,90,10,5.35,13.35,18,3.15,15.25,51,38.45,4.2,125,230,22,32.5,3.8,10.9,4.95,0.8,9.78,90,444,75,33.25,6.6,12.2,18.4,6.55,5.5,6,6.25,315,"1,500.00",10.3,550,4.1,0.8,6.3,7.9,26.95,101,13.7,2.45,95,23.5,26,62,18.5,195.5,20.25,26.75,25,2.5,7.1,20.75,23,2.6,15.95,28.5,172,3.3,166.26,"3,141.69","3,567.06",135.96
03/01/2017,8.7,23.5,160,909,83,12.6,5.95,13,27,3.95,13,42,37.8,6.05,118,240,27.75,30,2.35,11.95,4.8,1.2,13.65,88.25,490,80,29,5.75,14.95,22.7,8,5.5,6,5.8,280,"1,500.00",13.45,530,4.8,1.25,7.5,7.9,25.4,93,14.6,2.85,95,23.5,19.9,70.5,17.65,188,19,18,27.75,2.8,7.35,17.05,20.5,3.75,13,34.5,178,3.55,161.33,"3,206.24","3,512.78",132.61
04/01/2017,8.9,23.75,157,909,83,11.6,5.95,13,27,3.95,13.45,42,38.85,6.1,118,232,27.25,30,2.45,11.9,5.2,1.25,13.6,89.5,490,80,29.25,5.7,14.95,22.75,8.2,5.5,6,5.75,280,"1,500.00",13.75,530,4.8,1.25,6.95,7.9,25.05,88,14.3,2.85,95,23.5,19.85,69.5,18,190.5,18.95,18,27.5,2.8,7.15,17,20.5,3.75,13,32,178,3.4,160.87,"3,194.13","3,498.99",132.27
05/01/2017,8.8,23,158,900,83,11,6.1,13.15,27,3.9,13.4,42,38.85,6.1,124,233,27.25,29.75,2.4,11.7,5.15,1.2,13.55,89.5,490,80,28.75,5.7,15,22.8,8.35,5.5,6,5.7,280,"1,500.00",13.9,530,4.8,1.25,6.95,7.9,25.5,88,14.7,3.05,95,23.5,20.25,70,16.25,187,18.8,18,27,2.95,7.15,17,20.5,3.55,13,32.25,175,3.4,159.84,"3,170.71","3,481.64",131.45
06/01/2017,8.75,23,158,900,83,11.2,6.2,13.05,27,3.9,13,42,38.9,6.1,118,229,27.25,28.75,2.35,11.75,5.15,1.25,12.65,90.5,490,79,27.75,5.75,14.65,22.95,8,5.5,6,5.65,280,"1,500.00",13.5,530,4.9,1.3,6.85,7.9,25.15,88,14.85,3,95,22,20.75,70,16.3,183.75,18.6,18,27,2.95,7,17.15,20,3.55,13,32.25,170,3.4,156.65,"3,139.21","3,425.13",129.76
09/01/2017,8.6,23.25,155,900,83,10.95,6,13.1,27,3.9,12.85,42,38.2,6.1,120,225,27.25,28.25,2.35,11.7,5.15,1.2,12.4,90,495,78,27.25,5.7,14.9,22.8,7.95,5.5,6,5.65,308,"1,500.00",14,530,4.9,1.3,6.5,7.9,25.2,87.5,14.65,3,95,23,20.25,68.5,16.9,185,18.5,18,26.25,2.8,7,17,19.75,3.2,13,32,169,3.4,154.68,"3,117.40","3,390.17",128.86
10/01/2017,8.5,23,156,900,85.5,10.85,6.15,13.05,27,3.85,12.6,42.75,37.45,5.8,119,224,27.25,27.5,2.35,11.65,5.05,1.2,12.05,89,495,79,27.25,5.7,14,22,7.95,5.5,6,5.65,281,"1,500.00",13.55,530,4.9,1.2,6.55,7.9,25,87.5,14.1,3,95,23.25,19.85,68,17,180.5,18.2,18,25.5,2.75,7,17.25,19.5,3.45,13,32,168,3.1,152.53,"3,083.68","3,346.83",127.22
11/01/2017,8.5,23,156,850,85.5,10.4,6,13.05,27,3.85,12.15,42.75,37.35,5.8,118,223,24.75,26.75,2.35,11.55,5,1.15,12,87,495,79,27,5.7,14,22.75,7.9,5.5,6,5.65,281,"1,500.00",13.55,530,4.85,1.15,6.5,7.9,25,86.5,13.5,3,95,24,19.45,68,17,182,18,18,25.25,2.8,6.8,17.05,19.75,3.3,13,32,165,3.1,150.86,"3,047.68","3,302.98",125.76
12/01/2017,8.3,22.5,155,850,85.5,10.4,6.15,12.95,25.5,3.8,12.2,43,35.95,5.8,119,218,22.5,26.25,2.35,11.5,4.75,1.15,11.7,87,495,79,26.5,5.65,13.95,21.85,7.9,5.5,6,5.6,281,"1,500.00",13.5,530,4.85,1.05,6.45,7.7,24.45,80,13.3,2.95,95,24,20,67.5,17,183,17.95,18,25.5,2.85,6.8,17,19.9,3.3,13,32.25,165,3.3,148.68,"3,014.36","3,262.53",124.75
13/01/2017,8.15,22,155,850,88,10.35,6.2,13.05,25.5,3.8,12.05,43,35.75,5.8,116,215,22.5,25.75,2.45,11.45,4.75,1.1,11.85,87,495,79,26.5,5.6,13.55,21.9,7.8,5.5,6,5.55,281,"1,500.00",13.45,530,4.75,1.1,6.45,7.9,22.65,79.5,13.05,3.05,95,23.5,18.25,65.5,17,180,17.95,18,24.5,2.7,6.8,17.05,19.3,3.3,13,32,163,3.3,147.43,"2,971.10","3,228.69",123.94
16/01/2017,8,22,154,900,86,10.3,6,12.25,25.5,3.75,12,43,34.2,5.8,116,216,22.5,26.75,2.4,11.5,4.9,1.1,11.95,87,455,79,26.75,5.6,13.45,21.75,7.45,5.5,6,5.45,281,"1,500.00",13.85,530,4.75,1.15,6.65,7.9,23.6,76.5,13.45,3.05,95,23.5,18.2,63,17,179.25,17.95,18,24,2.85,7,17.05,20,3.3,13,32,165,3.3,148.3,"2,955.44","3,247.40",124.27
17/01/2017,7.9,22,150,909,86,10.05,6.05,13.05,25.5,3.65,11.75,42,34,5.8,114,220,22.5,26.75,2.35,11.55,4.75,1.1,11.9,86,455,79,27.25,5.55,13.4,22.7,7.25,5.5,6,5.25,281,"1,500.00",13.05,530,4.7,1.15,7,7.9,23.4,75,13.15,3,95,23.5,17.5,65,17,179,17.95,18,24,2.8,6.85,17,19,3.1,13,32,164,3.05,148.3,"2,929.68","3,243.72",124.09
18/01/2017,7.9,21.75,150,909,86,10.15,6.05,12.3,25.5,3.65,11.75,42.25,33.95,5.8,114,220,22.5,25.75,2.35,11.6,4.85,1.05,11.95,86,495,79,26.75,5.5,13.15,22.7,7.25,5.5,6,5.3,281,"1,500.00",13,530,4.75,1.15,6.8,7.9,23.15,79.5,13.1,2.95,95,23.75,18.2,68,16.5,177.5,18.05,18.1,22.5,2.8,7,17,19.2,3.15,13,33,164,3.05,147.1,"2,932.79","3,232.83",124.19
19/01/2017,7.8,21.25,150,909,86,10,6,12.3,25.5,3.6,11.75,42,33.6,5.8,114,223,22.5,26,2.35,11.6,4.75,1.05,11.9,81,495,79,26.5,5.45,13.15,22.95,7.1,5.5,6,5.1,281,"1,500.00",12.15,530,4.85,1.15,6.95,7.9,23,79.5,13.2,2.85,95,26,18.2,69.5,16.5,170.25,18.15,18.1,22.75,2.8,6.9,17.05,19.2,3.1,13,33,161,3.05,147.33,"2,924.90","3,234.77",124.21
20/01/2017,7.75,20.75,150,910,87,9.85,5.9,12.3,25,3.6,11.75,42,33.6,5.8,114,221,22.5,26,2.45,12.7,4.65,1.05,12,81,494,77,26.5,5.4,13,23,7.15,5.5,6,5.15,281,"1,500.00",12.2,530,4.7,1.15,6.85,7.9,22.95,80,13.1,2.85,95,26,17.7,69,16.6,167.75,18.15,19.5,22.25,2.8,6.9,17,19.2,3.05,13,34,161,3.15,147.32,"2,913.84","3,230.72",124.04
23/01/2017,7.7,20.75,149,909,87,10,6,12.45,25,3.7,11.95,42,33.55,5.8,111,222,21,26,2.35,12.4,4.65,1.05,11.75,81,494,77,26.5,5.35,12.95,23,7.15,5.5,6,4.9,281,"1,500.00",12.2,530,4.7,1.2,6.7,7.9,22.75,79,13.05,2.85,95,28.5,17.45,69,16.15,168,18.2,19.5,22.25,2.75,6.75,16.7,19,3,13,32.75,161,3.15,147.22,"2,905.31","3,228.60",124.06
24/01/2017,7.5,20,150,899,87,9.9,6,12.45,24.75,3.75,11.75,42,33.3,5.8,111,220,21,25.75,2.35,12.05,4.5,1.05,11.3,80,494,77,26.25,5,12.9,23,7.15,5.5,6,4.85,281,"1,500.00",12.5,530,4.75,1.1,6.65,7.9,22.45,77.5,12.7,2.85,95,28.5,17.55,68,16.1,168.75,18.2,19.5,22.25,2.75,6.75,16.7,19,2.95,13,32,161,3.15,145.73,"2,873.02","3,199.74",123.29
25/01/2017,7.25,20,150,899,85,9.95,5.95,12.25,24.75,3.75,11.9,42,33.15,5.25,110,219,21,25.75,2.35,11.55,4.2,1.05,11.85,80,490,77,25.75,5,12.45,21.85,7.05,5.5,6,4.9,281,"1,500.00",12.55,530,4.7,1.05,6.8,7.5,21.05,75.5,12.85,2.85,95,28.5,17.6,68,16.2,165.75,18.2,19.25,22,2.85,6.5,16.7,19.1,2.9,13,32,160,3.15,144.74,"2,855.81","3,181.92",122.77
26/01/2017,7.15,20,150,899,88,9.9,5.8,11.95,24.75,3.7,11.65,42,32.15,5.25,110,220,21,25.5,2.35,12.5,4.2,1.05,11.45,80,490,77,25,4.95,12.05,21.3,7.1,5.5,6,4.85,281,"1,500.00",12.55,530,4.7,1,6.95,7.9,21,75.5,12.95,2.85,95,28.5,17.5,64.5,16,167.5,18.25,19.25,21.25,2.75,6.65,16.7,19.05,2.9,13,32.5,160,3.05,143.41,"2,824.32","3,160.28",122.42
27/01/2017,7.15,20,150,899,88,9.6,5.5,11.8,24.75,3.65,11.65,41,31.8,5.25,110,219,21,24.5,2.35,12.5,4.6,1.05,11.4,79.75,490,77,24,5.05,12.5,20.95,7,5.5,6,4.8,307,"1,500.00",13,530,4.45,1.05,6.95,7.9,20.6,76,12.9,2.85,95,28.5,17.6,63.5,16.05,167,18.35,19.3,20,2.8,6.6,17.75,19.05,3,13,33,160,3.05,141.86,"2,812.04","3,137.62",122.28
30/01/2017,7.15,19.95,150,855,88.5,9.65,5.65,11.95,24.75,3.5,11.4,42,31.75,5.25,110,220,21,23.5,2.35,12.5,4.6,1.05,11,79,485,76,23.25,5.1,12.5,20.75,6.95,5.5,6,4.75,307,"1,500.00",13,530,4.1,1.05,6.75,7.9,20.45,75.5,12.7,2.85,95,28.5,17.6,65.5,16.05,165.5,18.35,19.3,18,2.65,6.5,17,19.05,2.95,12.9,33,159,3.05,140.19,"2,789.64","3,106.57",121.26
31/01/2017,7.25,19.7,150,897,88.5,9.5,5.65,12,24.75,3.2,11.5,45,32.05,5.25,107,224,21,24.25,2.35,12.05,4.2,1.05,11.1,79,457,76,23,5.2,12.65,20.55,6.9,5.5,6,4.7,286,"1,500.00",12.55,530,4.1,1.1,6.8,7.9,20.75,75.5,12.55,2.85,95,28.5,18,65,16.2,165,18.5,19.3,18,2.65,6.5,16.7,20.5,2.85,13.5,33,160,3.05,141.55,"2,794.27","3,138.40",122.23
01/02/2017,7.4,19.5,146,897,88.5,9.55,5.95,12.15,24.75,3.2,11.4,45,31.5,4.75,107,229,21,24.25,2.35,12.05,4.6,1.1,10.45,78,457,76,23.25,5.4,12.5,20.55,6.95,5.5,6,4.7,280,"1,500.00",13,530,4.05,1.05,6.75,7.9,21,74.5,12.2,2.85,95,28,18.65,65,16.15,169.75,18.55,19.3,18,2.9,6.4,16,19.5,2.9,14,32.5,160,3.05,142.59,"2,804.27","3,151.68",122.83
02/02/2017,7.65,19.5,155,902,89,9.8,6.1,12.3,24.75,3.15,11.4,42,31,5,107,229,21,24.5,2.35,11,4.6,1.05,10.3,75,457,76,24.25,5.5,12.8,20.4,6.9,5.5,6,4.7,280,"1,500.00",12.95,530,4.15,1.05,6.8,7.9,21,74,12.2,2.85,95,28.25,19,67.5,16.15,168.25,18.55,19.3,19.8,2.9,6.4,16.75,19.4,2.9,14,32.5,159,3.05,143.94,"2,833.09","3,174.11",123.43
03/02/2017,7.9,19.4,148,915,89,10,6.2,12.65,24.75,3.15,11.35,42,31.75,5,106,229,21,25,2.4,10.7,5,1.05,10.8,78,457,76,24.25,5.85,13.25,20.75,6.95,5.5,6,4.7,281,"1,500.00",12.95,530,4.4,1.1,6.6,7.9,21,74.5,12.6,2.85,95,28.25,19.2,66,16.7,170,18.65,20,19.8,2.8,6.4,16.75,19.8,2.75,13,32,159,3.05,145.63,"2,862.39","3,199.76",124.19
06/02/2017,8,19.35,150,894,83,10.3,6.1,12.2,24.75,3.15,11.35,42,32.85,5,106,230,21,25.5,2.25,10.85,4.6,1.05,10.6,78,457,76,24.5,5.85,13.05,21,7,5.5,6,4.7,285,"1,500.00",12.9,530,4.1,1.05,6.25,7.9,21,75,12.65,2.65,95,28.25,17.8,67,16.75,169,18.9,20,20,2.8,6.1,16.55,19.9,2.65,13,32,159,3.05,147,"2,762.39","3,223.10",124.84
07/02/2017,8.05,19.35,150,901,84,10,6.15,12.5,24.75,3.15,11.85,42,34.1,4.65,106,230,21,26,2.3,10.5,4.6,1.1,10.55,76,470,76,25.25,5.85,13.2,20.9,6.95,5.5,6,4.65,280,"1,500.00",12.5,530,4.25,1.05,6,7.9,20.95,76,12.5,2.85,95,28,17.8,67,16.55,172,18.65,20,20.75,2.7,6.05,16.8,19.75,2.85,13.5,32,159,3.05,148.14,"2,882.74","3,236.09",125
08/02/2017,8.45,19.5,148,911,84,9.95,6,12.9,23,3.1,12.3,45,34.95,4.2,108,229,21,26.75,2.25,10.75,4.95,1.05,10.6,74.5,470,76,25.75,5.9,13.05,20.7,7,5.5,6,4.65,280,"1,500.00",12.5,530,4.35,1.05,6,8.4,21,75.5,12.9,2.85,95,28.75,18.5,66,16.55,172.75,18.4,20,22.75,2.75,6,16.55,19.75,2.85,13.5,31,160,2.8,149.73,"2,908.87","3,259.24",125.03
09/02/2017,8.8,19.4,146,901,84,9.95,5.95,13.05,23,3.2,12.5,45,36.05,4.2,107,225,21,27.25,2.35,10.75,4.95,1.05,10.6,74.5,480,75,25.75,5.85,13.25,20.4,7,5.5,6,4.7,280,"1,500.00",12.55,530,4.5,1.05,6.2,8.4,21,79,12.95,2.65,95,29.25,19.95,65,16.3,173,18.45,20,22.75,2.7,6.05,16.9,18.65,2.65,13.5,31,160,2.8,149.94,"2,933.09","3,263.05",125.19
10/02/2017,8.75,19.4,148,906,90,10,5.8,13.05,21,3.45,12.5,45,36.6,4.2,107,225,21,27,2.25,10.75,4.95,1,10.65,74.5,480,75,25.5,5.9,13.35,20.15,7.15,5.5,6,4.95,266,"1,500.00",12.15,530,4.4,1.05,6.3,8.4,21.25,77.5,13,2.65,95,30,19.95,65,16.7,175.25,18.45,20,25,2.7,6,17,18.7,2.7,13.5,31,160,2.8,149.91,"2,951.62","3,263.20",125.45
13/02/2017,8.6,18.75,146,900,90,10.1,5.95,13.2,21,3.4,12.5,46.25,35.95,4.2,107,225,21,27,2.25,11.8,4.8,1,10.6,74.5,485,75,25.5,6.05,13.2,20.05,7,5.5,6,4.8,266,"1,500.00",12.15,530,4.4,1.05,6.2,8.4,22,78.5,12.9,2.65,95,30,20,65,16.25,178.25,18.35,18,27,2.7,6,16.95,18.7,2.7,13.5,31,160,3.05,149.48,"2,933.69","3,253.25",125.11
14/02/2017,8.5,19.05,146,900,90,10.05,6.05,13.4,21,3.45,12.55,46.25,35.65,4.5,107,222,21,26.75,2.25,10.75,4.8,1,10.65,79.5,484,77,25.5,6.3,13.55,19.55,7,5.5,6,4.8,266,"1,500.00",12.5,530,4.3,1.1,6.2,8.4,22.75,79,12.8,2.65,95,28.5,19.35,67,16.25,177,18.3,18,28,2.7,5.55,17.25,19.55,2.75,13.5,31.5,159,3.05,148.92,"2,933.46","3,251.61",124.95
15/02/2017,8.15,19.25,146,900,90,10.25,6.1,13.95,21.25,3.4,12.4,46.25,35.85,4.5,107,225,21,26.75,2.25,10.8,4.8,1,10.8,79.5,470,77,25,6.45,13.65,19.6,7,5.5,6,4.85,266,"1,500.00",12.5,501,4.35,1.05,6.2,8.4,24.35,81,12.65,2.65,95,28.5,19.9,65,16.95,176.5,18.2,18,29,2.6,5.6,17,19.55,2.75,14.35,30,159,3,148.77,"2,952.33","3,250.13",124.91
16/02/2017,8.4,19.25,148,900,90,10.4,6.3,13.9,20.5,3.4,12.35,46.25,35.7,4.5,107,225,21.5,27,2.25,10.8,4.75,1,10.8,79.5,490,75.5,24.75,6.5,13.65,19.55,7,5.5,6,4.9,266,"1,500.00",12.3,501,4.35,1.05,6.3,8.4,25.75,85.5,12.65,2.65,95,28.25,20,66.5,16.95,182.5,18.2,18,28.25,2.65,6.1,17,20,2.75,14.35,30,160,3.3,148.86,"2,956.98","3,263.60",128.91
17/02/2017,8.3,20,148,905,90,10.25,6.2,13,20.5,3.45,12.05,43,34.7,4.5,107,224,21.5,27.25,2.2,11.8,5.15,1.05,10.75,79.5,490,75.5,24.5,6.5,13.65,19.45,7,5.5,6,4.95,266,"1,500.00",11.5,501,4.4,1.05,6.05,8.4,27.05,83,12.55,2.8,95,30,18.65,65.5,16.95,189.75,18.05,18,27.5,2.65,6.3,17.5,20.75,2.8,14.85,30.25,160,3.3,147.99,"2,948.75","3,249.27",124.93
20/02/2017,8.25,19.2,147,905,90,10.35,5.85,13.15,20.5,3.4,11.95,43,34.35,4.5,107,226,21.5,27,2.25,10.7,5.15,1,10.55,76.5,490,77,24,6.55,13.7,19.35,7,5.5,6,5.35,266,"1,500.00",12.4,501,4.25,1.05,6.05,8.4,27,83.5,12.5,2.8,95,30,19.85,65.5,17,191,18,18,27.5,2.65,6.3,17.6,20.75,2.8,14.85,31.5,164,3.4,147.51,"2,945.33","3,236.52",124.66
21/02/2017,8.3,19.5,146,909,89,10.6,6.05,13.7,20.5,3.5,12,43.75,34.25,4.5,106,224,21.5,27,2.25,10.55,5.15,1,10.65,76.5,490,78,24.25,6.55,13.65,18.9,6.95,5.5,6,5.8,270,"1,500.00",12.3,501,4.25,1.05,6.05,8.4,26.75,84.5,12.55,2.8,95,30,21,65.5,17.05,199,18,19,26.5,2.85,6.3,17.1,20.75,2.8,14.85,31.5,159,3.4,147.7,"2,945.86","3,237.97",
22/02/2017,8.3,19.95,146,909,89.5,10.65,5.95,13.95,20,3.55,12.05,44,34.8,4.7,107,224,21.5,27,2.25,11.15,4.7,1,10.7,76.5,490,77,25,6.55,13.8,19.2,6.95,5.5,6,6.15,270,"1,500.00",12.4,501,4.4,1,6,8,26.75,84,12.35,2.65,95,30,20.75,67,17.1,203.25,18,20.75,25,2.7,6.3,17.35,20.75,2.75,14.85,31.5,160,3.25,148.71,"2,983.20","3,252.54",125.39
23/02/2017,8.65,19.65,146,902,89.5,10.95,5.9,14,20,3.65,12.35,44,35.65,4.6,107,225,23.5,26.75,2.25,11.25,5.1,0.95,11.45,77,485,75,25.75,6.55,13.95,19.2,6.95,5.5,6,6.05,270,"1,500.00",12.4,501,4.4,1,6.05,8,28.8,86,12.65,2.6,95,30,20.5,67,17.4,202,18,18.95,25,2.7,6.3,18.3,22.5,2.75,14.8,31,169,3.25,150.07,"3,009.19","3,279.56",125.93
24/02/2017,8.75,19.75,146,902,89.5,10.75,5.8,13.95,20,3.8,12.5,43.5,35.4,4.6,106,226,25.5,26.75,2.3,11.7,4.65,1,11.15,79,486,75,25.75,6.5,13.95,19.1,6.95,5.5,6,6.1,297,"1,500.00",12.4,501,4.35,1,6,8,30.55,89,12.85,2.65,95,30,20.75,67,17.5,204.75,18.05,18.75,25.5,2.75,6.3,18,21,2.7,14.85,29.25,169,3.25,150.45,"3,023.07","3,297.51",126.53
27/02/2017,8.75,19.9,146,905,87,10.65,5.85,13.95,20,3.85,12.5,43,35.4,4.6,106,226,25.5,26.75,2.35,11.3,4.6,1,11.45,82,466,75,25.75,6.5,14,19.2,7,5.5,6,6.1,272,"1,500.00",11.6,501,4.15,1,6,8,30.35,89,12.8,2.85,95,30,20.5,70,18,204,17.85,18.75,25.25,2.8,6.1,17.05,21,2.7,14.85,30.5,169,3.25,150.08,"3,033.33","3,297.87",125.88
28/02/2017,8.5,19.65,146,905,87,10.6,5.8,13.55,20,3.8,12.55,43,35.15,4.6,105,225,25.5,26.25,2.4,11.4,4.6,0.95,11.05,79,485,75,25.25,6.1,14,19.55,6.9,5.5,6,5.95,272,"1,500.00",10.6,501,4.3,1,5.95,8,30,87,12.55,2.9,95,30,20,69,18.05,205,17.75,18.75,25.5,2.8,5.6,17,22,2.6,14.85,29,169,3.25,148.26,"2,994.53","3,264.53",124.89
01/03/2017,8.5,19.5,146,905,87,10.55,5.85,13.85,20,3.7,12.65,42.5,34.65,4.45,105,221,25.5,26,2.5,10.85,4.55,0.9,10.95,80.5,485,75,25,6.25,14,19.5,6.9,5.5,6,5.9,297,"1,500.00",10.6,501,4.35,1,5.7,8,29.8,85,12.6,2.9,95,27,18.6,68,18.25,205.75,17.05,18.75,24.75,2.8,5.95,17,21.75,2.6,14.85,27.5,180,3.25,146.23,"2,966.16","3,221.32",122.65
02/03/2017,8.6,19.6,146,900,87,10.5,5.85,13.6,20,3.8,12.5,42,35.55,4.1,104,219,25.5,25.75,2.55,10.8,4.6,0.95,10.9,80.5,485,75,25,6.25,14,19.5,6.8,5.5,6,5.95,297,"1,500.00",10.8,501,4.3,1.05,5.6,8,27.25,85.5,12.55,2.9,95,27,19,67.5,18.15,207.25,17,18.75,25,2.8,5.65,17,23,2.65,14.85,30,180,3.25,145.94,"2,969.12","3,208.62",122.33
03/03/2017,8.75,19.85,146,850,87,10.4,5.9,13.6,18,3.75,12.5,42,36.9,4,102,217,25.5,25.75,2.5,10.8,4.6,0.9,10.6,81,485,75,25.5,6.25,14,19.35,6.7,5.5,6,5.9,297,"1,500.00",10.8,501,4.3,1,5.5,8,25.55,86.5,12.2,2.65,95,27,19,68.5,17.4,210,16.9,18.75,25,2.8,5.65,17.8,23,2.5,14.85,27.5,180,3.25,146,"2,961.78","3,196.79",121.73
06/03/2017,8.85,19.5,146,850,87,10.45,5.85,13.65,18.9,3.65,12.4,42,35.95,4,105,215,25.5,25.75,2.45,10.8,4.65,0.9,10.55,81,485,75,25.75,6.25,14.05,19.4,6.75,5.5,6,5.9,297,"1,500.00",11.05,501,4.05,1,6,8,25.05,82,12.15,2.8,95,27,20.25,70,17.4,209.75,16.8,18,26,2.8,5.25,17.05,22.5,2.45,14.85,27.5,180,3.25,145.96,"2,861.78","3,191.56",126.73
07/03/2017,8.95,19.5,146,900,85,10.35,5.8,13.5,18.9,3.6,12.4,43,35.1,4,105,215,25,25.5,2.4,10.75,4.65,0.85,10.7,80,485,80,26,6.2,13.95,19.3,6.7,5.5,6,5.85,273,"1,500.00",10.85,550,4,1,5.9,8,24.9,84,12.05,2.6,95,27,20.75,67,18,206.25,16.6,18,27.25,2.8,5.25,16.55,22.75,2.5,14.85,27.5,171,3.25,145.11,"2,963.56","3,180.33",120.96
08/03/2017,8.95,19.75,140,856,87,10.25,5.55,13.65,18.9,3.6,12.55,42,34.8,3.85,104,215,25,25.75,2.4,10.8,4.6,0.8,10.95,80,485,79,27,6.25,13.5,19.25,6.75,5.5,6,5.8,273,"1,500.00",10.7,550,3.95,1,6.15,8,24.6,84,12.15,2.4,95,27,20.25,67,18,206,16.2,18.75,27,3.05,5.75,18.1,22.75,2.25,14.85,27.25,171,3.25,145.56,"2,947.93","3,167.69",119.62
09/03/2017,9,20,146,899,87,9.95,5.75,13.75,18.9,3.55,12.5,42,34.35,3.8,104,214,25,26.5,2.45,10.8,4.5,0.8,11,88,485,79,28.5,6,13.15,18.65,6.85,5.5,6,5.8,271,"1,500.00",10.95,550,4,1.05,6.65,8.4,24.4,84,11.85,2.4,95,27,20.75,67,17,203,16,18.4,26.5,2.8,6.3,17,23,2.4,14.85,27,171,3.25,146.24,"2,987.43","3,192.55",135.96
10/03/2017,9.05,19.05,147,899,87,9.95,5.7,13.75,18.9,3.55,12.45,42,34.65,3.8,104,213,25,27,2.5,10.85,4.6,0.8,11.05,83,485,79,29.5,6,13,19.05,6.8,5.5,6,5.75,271,"1,500.00",11,500,4,1,6.2,8.4,24.6,85,11.8,2.4,95,27,20.25,65,17.95,205.5,16.9,18.75,27.25,2.8,5.75,18,21.5,2.45,14.85,27.25,179,3.25,148.88,"2,963.08","3,230.52",122.47
13/03/2017,9,19.45,146,858,87,9.85,5.8,13.75,18.9,3.45,12.75,42,35.45,3.8,103,214,25,28.75,2.5,10.95,4.5,0.8,11.45,84.75,485,79,29.75,6.5,12.7,18.7,6.55,5.5,6,5.5,298,"1,500.00",11,500,4.4,1.05,6.7,8.4,24.25,82.5,12.1,2.6,95,27,20.5,67,16.9,205,17.35,18.75,27.25,2.8,6,18,22.5,2.5,16,27.25,180,3.25,152.25,"2,944.01","3,281.30",123.47
14/03/2017,8.95,19.45,150,858,81,9.4,5.75,13.25,18.9,3.4,12.7,42,34,3.8,103,214,25,29,2.55,10.5,4.5,0.75,11.4,85,485,79,29.75,6.45,12.75,18.85,6.5,5.5,6,5.55,298,"1,500.00",11,500,4.05,0.95,6.3,8.25,23.1,85,11,2.65,95,29,21.25,63,17.95,204.5,18.25,20.25,25.75,2.85,5.8,18.1,21.25,2.45,16,27.5,166,3.25,153.31,"2,974.01","3,307.74",126.79
15/03/2017,8.8,19.3,150,861,81,9.4,5.9,13.3,18.9,3.4,12.85,42,34.05,3.8,103,215,25,27.75,2.4,10.5,4.5,0.8,11.4,85,485,79,29.5,6.5,12.8,19.2,6.55,5.5,6,5.3,299,"1,500.00",11.5,500,4.05,0.95,6,8.25,23.35,85.5,11.55,2.55,95,29,21.25,67,18,199.25,17.85,18.75,26,2.9,5.8,18.1,20.25,2.5,16,27.5,166,3,151.34,"2,970.98","3,278.19",125.3
16/03/2017,8.7,19.2,147,861,81,9.45,5.8,13.75,18.9,3.3,12.9,42,35,3.85,107,218,25,28.25,2.4,10.4,4.5,0.8,11.4,84,485,79,29.25,6.5,12.85,19.2,6.5,5.5,6,5.3,299,"1,500.00",11.5,500,4.25,0.95,5.95,8.25,22.8,86,11.65,2.6,95,29,21.5,65.5,16.8,200,17.55,18.75,27.75,2.75,5.9,18,22,2.5,16,27.5,166,3,151.82,"2,965.31","3,278.25",124.76
17/03/2017,8.75,19.45,147,861,81,9.5,5.65,13.9,18.9,3.25,14.05,42,34.35,3.85,107,218,25,28.75,2.4,10.9,4.5,0.8,11.35,84,485,79,30,6.5,12.8,19.25,6.45,5.5,6,5.55,299,"1,500.00",11.4,500,4,0.95,6.25,8.25,22.85,85.5,11.2,2.7,95,29,21.75,64.5,16.95,202,17.9,17.15,25,2.8,5.95,18,22.25,2.4,16.95,27.5,170,2.7,154.16,"2,983.68","3,323.95",126.61
20/03/2017,8.9,19.25,147,857,81,9.9,5.95,14,18.9,3.2,14,46,34.55,3.85,103,220,25,29.5,2.4,10.85,4.6,0.85,11.45,85,450,79,31.5,6.5,12.7,19.7,6.45,5.5,6,5.5,277,"1,500.00",11.85,500,4,0.95,6,8.25,23.35,85.5,11,2.65,95,28.75,21.75,64,16.9,201.75,17.95,17.15,25,2.95,5.95,18,23.25,2.4,16.95,27.25,170,2.6,156.57,"2,990.70","3,355.65",127.2
21/03/2017,8.9,19.3,148,857,87,9.85,6,13.85,18.9,3.15,14.15,44,34.2,3.85,103,218,25,29.5,2.55,10.45,4.6,0.9,11.5,93.5,450,79,31.75,6.55,13.05,19.3,6.45,5.5,6,5.3,277,"1,500.00",11.9,500,4,0.95,6.45,8.25,23.75,86,11.5,2.4,95,29,22,64.5,18.05,200,18.1,17.15,25,3,6,18.2,22.5,2.35,16.95,27.25,180,2.85,156.73,"3,007.90","3,376.68",127.78
22/03/2017,9.15,19.3,150,850,87,9.9,5.95,13.95,18.9,3.2,14.1,43,34.45,3.85,114,221,25,29.75,2.7,10.5,4.5,0.9,11.65,93.5,435,79,31.75,6.55,12.95,19.35,6.5,5.5,6,5.75,277,"1,500.00",11.95,500,4,0.95,6.45,8.25,24.2,90.5,11.7,2.5,95,29,21.75,64,17.5,201,18.1,17.5,25,2.8,6.3,18,23,2.4,16.95,27.5,180,2.85,157.72,"3,037.16","3,403.53",128.38
23/03/2017,9.15,19.35,150,899,87,10,6,14,18.9,3.45,14.05,43,33.65,3.85,119,221,22.5,30,2.45,10.45,4.4,0.9,11.6,93.5,435,79,31.25,6.55,13.1,19.3,6.4,5.5,6,6.2,300,"1,500.00",11.95,500,4.1,0.95,6.5,8.25,24.2,91.5,11.9,2.5,95,29,23.5,64,18.65,214.75,18.35,18,25.25,2.95,5.8,18,23,2.4,16.95,27.25,175,2.85,157.95,"3,082.85","3,427.14",129.9
24/03/2017,9,19.4,160,880,89.5,10.1,6,13.95,18.9,3.45,13.95,46.25,33.8,3.85,120,221,22.5,30.25,2.45,10.45,4.15,0.95,11.8,93.5,473,79,31.5,6.55,12.85,19.35,6.45,5.5,6,5.9,300,"1,500.00",12,500,4.25,0.95,6.45,8.25,24.5,93,11.95,2.55,95,29,22.5,63.5,17.55,218.5,18.45,18,25.25,3,5.7,18,23,2.45,16.95,27.25,180,2.65,158.29,"3,077.81","3,436.48",130.61
27/03/2017,9.05,19.35,162,810,89.5,10.5,6,13.95,18.9,3.4,13.65,44,34.1,3.85,125,223,22.5,30.5,2.45,10.9,4.15,0.95,11.8,93.5,473,79,32.25,6.5,12.8,19.1,6.5,5.5,6,5.9,300,"1,500.00",11.95,500,4.15,0.95,6.45,8.25,24.35,101,12.85,2.5,95,29,22.75,64,17.5,221,18.7,18,25.25,3,5.8,18,23,2.4,16.95,29.75,172,2.85,159.7,"3,098.16","3,459.89",131.42
28/03/2017,9,19.4,158,813,89.5,10.45,6,13.5,18.9,3.4,13.7,44,34,4.2,125,224,22.5,31.25,2.5,11.1,4.55,0.95,11.25,92.75,491,79,32.75,6.55,12.8,19.05,6.5,5.5,6,5.95,300,"1,500.00",11.9,550,4.3,0.95,6.55,8,24.7,100,12.85,2.7,95,29,23.75,63.5,18.05,222.75,18.6,19,24.75,3,6.2,18.1,23,2.35,16.95,28.5,172,2.85,160.67,"3,109.01","3,468.92",131.52
29/03/2017,8.95,19.75,163,804,89.5,10.4,6.35,13.35,18.9,3.5,13.75,44,35,4.6,124,225,22.5,32.5,2.55,10.9,4.5,0.95,10.15,92.5,492,79,33,6.55,13.05,20.45,6.5,5.5,6,5.95,300,"1,500.00",11.95,550,4.35,0.95,6,8,24.95,99,12.85,2.7,95,29,24.25,63,18.05,221.75,18.05,19,25,3.2,5.9,19.4,23,2.35,16.95,30,172,3.1,161.43,"3,128.44","3,473.78",130.61
30/03/2017,8.85,19.95,161,800,89.5,10.4,6.25,13.75,18.9,3.45,13.95,44,34.85,4.3,123,226,22,32.75,2.6,10.7,4.6,0.95,9.82,92.5,500,79,34.25,6.55,12.75,19.05,6.45,5.5,6,6,300,"1,500.00",11.5,550,4.65,0.95,6.1,8,25.95,98,12.85,2.65,95,26.5,24.25,62.5,18,215.25,17.95,19,25,3.1,5.8,19.9,23,2.3,16.95,30,161,3.1,162.39,"3,122.51","3,481.32",130.43
31/03/2017,7.95,19.9,165,849,89.5,10.3,6.15,13.75,18,3.4,13.95,44.25,34.55,4.2,116,227,22,32.75,2.5,11,4.65,0.95,9.74,87,489,79,34.75,6.55,12.3,19.2,6.45,5.5,6,5.95,280,"1,500.00",11.4,550,4.65,0.95,6.45,8,26.65,96,13.2,2.5,95,24.5,26,63,18.05,215,18,19.5,24.75,3,5.75,20.5,24,2.35,16.95,30,161,3.1,162.25,"3,112.52","3,468.90",130.51
03/04/2017,7.9,19.95,165,849,89.5,10.45,6,13.5,18,3.3,13.95,44,34.8,4.2,115,225,22,33,2.55,10.9,5,0.95,10.1,89.75,489,79,34,6.3,12.7,19.1,6.4,5.5,6,5.95,280,"1,500.00",11.4,550,4.45,0.95,6,8,28.4,96,13.2,2.4,95,24,25.75,63.5,18,214.25,18.45,19.7,25,2.85,6.3,19.65,24,2.5,16.95,29.75,161,3.1,162.02,"3,106.21","3,483.79",131.5
04/04/2017,7.85,20,165,830,89.5,10.5,6.2,13.45,18,3.3,14,44.25,34.35,4.3,117,226,22,33.25,2.65,10.9,5,0.9,10.55,93,490,79,34,6.4,12.6,18.85,6.45,5.5,6,5.95,308,"1,500.00",11.3,550,4.65,0.9,6.1,8,28.2,95,13.15,2.5,95,24,25.5,60,18.25,214.75,18.3,19.7,25,2.6,6.5,20,24,2.5,16.95,30,161,3.1,162.13,"3,096.83","3,482.44",131.19
05/04/2017,7.8,20,165,830,89.5,10.4,5.7,13.1,18,3.35,14,44.25,34.05,4.35,118,227,22,33.75,2.6,10.85,5,0.9,10.55,93,490,79,33.75,6.55,12.75,19.5,6.45,5.5,6,5.95,308,"1,500.00",11.9,550,4.45,0.9,6.05,8,29.45,92,12.95,2.5,95,24,25.75,60,18.1,211,18.3,19.7,25,2.5,6.1,19.75,23.5,2.7,16.95,27,161,3.1,162.62,"3,101.12","3,489.87",131.32
06/04/2017,7.95,19.9,165,830,89.5,10.3,6.1,13.85,18,3.4,13.95,44.25,34.05,4.35,120,231,22,34.25,2.65,10.85,5.05,0.9,10.85,93,490,79,33.75,6.55,12.75,19.5,6.45,5.5,6,5.9,308,"1,500.00",11.9,550,4.5,0.9,6.1,8,29.85,89.5,12.8,2.55,95,22,24.25,60,18.2,212.75,18.6,19.95,24.75,2.65,6.3,19.9,23.5,2.7,17,28,161,3.1,164.38,"3,101.19","3,524.12",132.63
07/04/2017,8,19.9,164,830,89.5,10.3,6,13.75,18,3.4,13.95,44.25,34,4.35,120,231,22,34.75,2.65,11,5,0.9,10.8,93,490,79,33.75,6.55,12.8,19.1,6.6,5.5,6,5.95,308,"1,500.00",11.5,550,4.45,0.9,6.05,8,30.5,89.5,12.8,2.55,95,22,24.25,60,18,213,18.65,19.9,24.75,2.65,6.4,19.9,23.5,2.7,17,30,161,3.1,164.9,"3,104.89","3,536.06",132.95
10/04/2017,7.9,19.85,163,750,90,10.2,6.05,13.75,18,3.4,14,44.25,34.5,4.35,120,231,22,34,2.7,10.6,5,0.9,10.65,92,490,79,33.5,6.55,12.65,18.7,6.55,5.5,6,5.95,308,"1,500.00",11.5,550,4.4,0.9,6,8,29.8,89,12.75,2.5,95,22,25.5,61,18.1,210,19.15,20,25,2.7,6.5,19.95,24.75,2.9,16.9,28.75,162,3.1,164.6,"3,092.61","3,522.11",133.3
11/04/2017,7.8,19.9,162,824,90,10.05,6,13.6,18,3.45,14.05,44.25,33.8,4.45,120,235,22,32,2.75,10.85,4.65,0.9,10.65,90,468,79,33,6.5,12.5,18.2,6.5,5.5,6,5.95,308,"1,500.00",11.5,550,4.6,0.9,5.95,8,29.95,89,12.65,2.25,95,22,27.75,62,18,210.5,19.25,19.95,25,2.85,6.95,21.5,23.75,2.8,16.9,27,177,3.2,162.89,"3,104.43","3,507.54",133.45
12/04/2017,7.8,20,163,849,90,9.95,5.95,13.4,18,3.45,14,44.25,34.05,4.4,120,239,22,32.75,2.85,11,4.7,0.85,10.4,90,468,79,33,6.55,12.7,19.15,6.7,5.5,6,6,315,"1,500.00",11.9,550,4.45,0.9,5.95,8.05,28.75,89.5,12.75,2.35,95,21.25,26.5,58,18,209.75,19.45,21.25,25,2.65,7.65,21.75,23.5,2.85,16.9,27,175,3.2,164.69,"3,109.78","3,534.60",134.56
13/04/2017,7.85,20.5,160,849,89.5,9.95,6,13,18,3.45,13.95,44.25,34,4.4,120,242,22,33,2.7,11.5,4.55,0.85,10.7,90.25,468,72.5,33,6.55,12.6,19.65,6.55,5.5,6,6.35,315,"1,500.00",11.9,550,4.6,0.9,5.95,8.05,27.75,90.5,12.85,2.35,95,21.25,24.5,58,18,206,19.6,21.25,25,2.65,7.45,20.75,23.5,2.9,16.9,27,176,3.3,165.68,"3,102.71","3,550.05",135.08
18/04/2017,7.65,21.75,160,849,89.5,10.05,5.95,13,18,3.4,14,44,34,4.4,124,239,22,32.75,2.75,11.15,4.6,0.85,10.35,91.25,470,79,33,6.55,12.6,18.85,6.5,5.5,6,6.05,315,"1,500.00",10.75,550,4.5,0.9,5.95,8.05,26.7,90,13,2.25,95,21,24,58,18.5,205,19.15,21,25,2.75,7.5,21,23.5,2.9,16.9,27,176,3.3,163.9,"3,101.89","3,519.99",133.5
19/04/2017,7.9,22,160,850,92,10.05,5.7,13.1,18,3.4,13.95,44,34.9,4.4,125,240,22,32.5,2.65,11.15,4.6,0.85,10.2,91,467,79,33.25,6.5,12.6,18.5,6.55,5.5,6,6.2,311,"1,500.00",10,550,4.5,0.9,5.95,7.9,26.5,90.5,12.95,2.4,95,21,26,58,18.65,204,19.15,21,22.5,2.85,7.4,21,23,2.9,16.8,27,176,3.3,164.59,"3,129.78","3,533.00",133.81
20/04/2017,8,22.75,160,848,92,9.95,6,13.65,18,3.4,13.8,44,35,4.4,126,240,22,32.75,2.65,11,4.6,0.85,10.1,90,470,79,34,6.35,12.5,18.1,6.55,5.5,6,6.25,310,"1,500.00",10.95,550,4.45,0.85,6.15,7.9,26.55,93.5,12.95,2.45,95,23,28,58,18.35,200.75,19.15,21,22.5,2.7,7.4,21,23,2.75,16.75,27,177,3.25,164.93,"3,129.98","3,536.93",135.81
21/04/2017,7.95,23,162,770,92,10,5.75,13.1,18,3.35,14.05,44,35.75,4.4,120,240,22,32.75,2.65,10.9,4.65,0.85,10.65,90,465,79,34,6.3,12.5,18.35,6.5,5.5,6,6.15,310,"1,500.00",11.9,550,4.4,0.85,6.2,7.9,26.85,92.5,12.95,2.45,95,23,27,58,19,208,19.1,21,24.75,2.7,7.3,20.75,23,2.75,16.75,27,177,3.2,165.19,"3,128.69","3,532.57",133.5
24/04/2017,8,23.75,161,781,92,9.95,5.8,13.1,18,3.35,13.95,44.25,35.25,4.4,120,240,22,33,2.65,11.2,5,0.85,10.4,93,462,79,34.25,6.5,12.5,18.25,6.6,5.5,6,6.1,310,"1,500.00",11,550,4.05,0.85,6.05,7.9,25.9,94,12.9,2.3,95,23,27,58,19,209.75,19.1,21,26,2.7,7.3,21,23,2.95,16.75,27,177,3.2,165.54,"3,143.15","3,539.06",133.65
25/04/2017,8.05,24,160,780,92,9.95,5.95,13.1,18,3.35,13.95,44.5,35.25,4.1,125,238,22,33.25,2.65,11,4.7,0.8,10.3,93,462,79,31.25,6.5,12.55,18.2,6.45,5.5,6,6.05,309,"1,500.00",10.8,550,4.4,0.85,6.15,7.9,25.55,94.5,13,2.1,95,23,26.75,59,19.2,209.5,18.95,21.25,26,2.9,7.9,21,23,2.95,16.5,27,177,3.2,162.77,"3,137.41","3,514.69",132.71
26/04/2017,8,23.75,160,845,92,10,5.95,13.2,18,3.4,13.95,46,35.25,4,124,239,22,33.75,2.75,11.2,4.7,0.8,10.15,92,462,79,32,6.45,12.45,18.5,6.4,5.5,6,5.95,309,"1,500.00",9.8,550,4.4,0.85,6.15,7.9,25.85,94.5,13,2.3,95,23,27.5,61,18.95,195.75,18.95,23,25,2.9,7.7,20.75,23.5,2.95,15.7,27,179,3.2,164.11,"3,162.37","3,540.94",133.13
27/04/2017,8.15,24,160,845,92,9.95,6,13.05,18,3.4,13.95,46.25,35.85,4,124,236,22,33.75,2.75,11,5,0.8,10.35,91,465,79,32,6.4,12.65,18.85,6.3,5.5,6,5.9,309,"1,500.00",9.95,550,4.45,0.9,6.2,7.9,25.8,94.5,13.25,2.3,95,23.5,27,62.5,19,196.75,19,21.5,25,2.7,7.85,21,23.75,3.1,16.75,27,179,3.2,163.63,"3,164.36","3,534.49",133.24
28/04/2017,8.2,25,159,844,92,9.8,5.95,13.05,18,3.35,14,48,35.6,4.4,124,230,22,33,2.65,11,5,0.8,10.1,91,460,79,31.5,6.45,12.4,18.1,6.45,5.5,6,5.9,284,"1,500.00",10.15,550,4.45,0.9,6.3,7.9,26.8,95.5,13,2.3,95,23.5,27,62.5,18.5,194,19.25,23,25,2.7,7.65,21.25,23,2.9,16.9,27,179,3.2,162.05,"3,157.58","3,515.17",133.28
02/05/2017,8.2,19.95,160,817,92,9.95,5.45,13.05,18,3.35,14.05,48.25,35.9,4.4,125,233,22,33,4.05,10.65,5,0.85,10.35,91,460,79,31.75,6.5,12.35,18.15,6.45,5.5,6,5.9,290,"1,500.00",11,550,4.2,0.9,6.45,7.9,26.45,98.5,13.25,2.25,95,23.5,27.25,63,18.6,194.75,19.5,25,25.5,2.75,7.7,23,23.5,2.8,15.95,28,180,3.2,163.56,"3,139.03","3,531.87",134
03/05/2017,8.15,19.6,161,817,92,9.9,5.7,12.9,18,3.3,14,48,35.6,4.4,125,230,22,33,4.4,11,4.85,0.85,10.3,91,467,79,32.25,6.6,12.8,18.05,6.45,5.5,6,5.9,290,"1,500.00",10.15,550,4.15,0.9,6.25,7.9,27.15,103,13.6,2.2,95,23.5,26.75,59.5,18.7,197.25,19.6,24.5,25,2.8,7.4,21.25,22.75,2.65,15.95,29,180,3.2,163.6,"3,134.15","3,526.57",134.07
05/05/2017,8.1,19.95,160,817,90,10.05,5.7,12.8,18,3.25,14.3,50.5,36.25,4.4,124,233,22,34.5,4.2,11,5,0.85,10.15,91,465,79,33,6.6,12.4,18.05,6.5,5.5,6,6.35,315,"1,500.00",10.7,550,4.3,0.85,6.35,7.9,27.3,101,13.35,2.25,95,23,26,62,18.6,192.75,19.75,25.5,24.75,2.7,7,20.5,22.75,2.65,15.95,29,172,3.1,166.38,"3,147.04","3,572.15",135.22
08/05/2017,8,20,158,817,90,10,5.7,13.35,18,3.2,14.45,51,37.75,4.4,125,230,22,32.75,3.95,10.45,4.85,0.85,9.92,90,465,75,33.25,6.65,12.3,18.75,6.55,5.5,6,6.35,315,"1,500.00",10,550,4.15,0.85,6.25,7.9,26.5,102,13.5,2.45,95,23.5,26.75,62,18.7,195,20.5,25.5,24.75,2.55,7.1,20.75,23,2.65,15.95,28.5,172,3.3,166.41,"3,154.38","3,571.99",136.82
10/05/2017,7.95,21.5,158,781,83,10.15,5.4,13,18,3.2,15.95,56,39,4.2,125,230,22,32.25,3.45,10.5,4.95,0.8,9.88,90,450,75,33.75,6.6,12.45,18.5,6.7,5.5,6,6.35,315,"1,500.00",9.85,550,4.1,0.8,6.25,7.9,27.8,101,13.85,2.45,95,23.5,25.5,63,18.6,196,20,26.75,25,2.5,7.05,20.75,23,2.55,15.95,29,172,3.3,167.04,"3,175.41","3,581.65",135.88
11/05/2017,8,19.9,159,781,83,10,5.85,12.8,18,3.45,16.9,56,40.45,4.3,126,232,22,32,3.45,10.5,4.95,0.75,9.94,91,451,75,34,6.65,12.3,18.8,6.6,5.5,6,6.35,315,"1,500.00",9.5,550,4.15,0.75,6.45,7.9,27.4,102,14,2.3,95,23.5,25.5,61.5,19.3,193.5,20.5,29,25,2.3,7.05,20.5,23.75,2.5,15.95,29.25,173,3.15,169.1,"3,195.70","3,620.80",137.64
12/05/2017,8,20,158,819,85,10.1,5.75,13.3,17,3.7,16.6,56,43.9,4.2,126,229,22,32.75,3.45,10.5,5,0.75,10,91,452,75,35,6.65,12.4,18.8,6.55,5.5,6,6.8,316,"1,500.00",8.9,550,4.4,0.75,7,7.5,27.05,103,14,2.3,95,23.5,27.25,64,18.6,197.75,20.25,30,25,2.3,7,20.5,22,2.5,15.95,28.75,173,3,170.37,"3,244.72","3,636.73",137.8
15/05/2017,7.95,19.7,160,783,85,10.05,5.8,13.3,17,3.75,16.7,51,41.8,4.2,127,230,22,32.75,3.45,10.55,4.95,0.75,10,91,454,75,35.25,6.7,12.45,19.65,6.6,5.5,6,7.15,316,"1,500.00",9.75,550,4.2,0.75,7.5,7.5,27.25,105,14.5,2.3,95,23.5,25.75,64,18.65,198.75,20.25,30,24,2.4,6.7,20.5,23,2.35,15.95,28.75,180,3,170.65,"3,229.30","3,635.58",137.77
16/05/2017,7.9,19.5,160,782,84,10.1,5.6,13.3,17,3.65,16.8,55,40.85,4,129,222,22,33,3.5,10.55,5.05,0.75,10,91,459,75,36.25,6.75,12.35,19.9,6.5,5.5,6,7.15,316,"1,500.00",10.05,550,4.15,0.75,7.85,7.55,28.35,105,15.2,2.3,95,23,25.25,64.5,18.9,196,20.25,28.5,25,2.5,6.9,20.25,23,2.45,15.95,27,177,3,170.5,"3,221.19","3,629.34",137.67
17/05/2017,7.95,19.7,160,781,84,10.15,5.65,13,17,3.7,16.85,52,39.95,4,135,227,22,33.5,3.45,10.55,5.05,0.8,9.96,91,454,80,36.5,6.75,12.15,19.15,6.5,5.5,6,6.55,316,"1,500.00",10.6,550,4.25,0.7,8.35,7.5,28,107,14.6,2.3,95,23,25.25,62.5,18.55,195,20,28.75,24.5,2.5,6.9,20,23,2.45,14.8,27,177,3,170.91,"3,226.43","3,641.06",137.12
18/05/2017,7.95,19.95,160,781,84,10.2,5.75,12.8,17,3.7,16.95,56.5,37.7,4,134,230,22,34.5,3.5,10.4,5.15,0.8,10,91,460,80,37.75,6.85,12.05,19.15,6.45,5.5,6,6.5,316,"1,500.00",10,550,4.1,0.75,8.05,7.5,28.45,108,14.8,2.3,95,23.5,25,64.5,19.1,198.25,20.25,28.75,24.75,2.7,6.9,20,22.75,2.3,15.9,27,177,2.7,173.37,"3,244.69","3,685.50",135.85
19/05/2017,7.95,20,160,784,84,10.3,5.65,12.9,17,3.75,17,56.5,39.85,4,135,232,22,35,3.5,10.55,5.4,0.8,10,91,470,80,37.5,7,12.15,19.5,6.45,5.5,6,6.6,316,"1,500.00",10.45,550,4.1,0.7,7.85,7.1,28.4,110,14.9,2.35,95,23.5,26.25,64.5,20,205,20.25,29,25,2.8,7,20,22.75,2.3,14.5,27.25,177,2.75,174.51,"3,285.49","3,708.65",139.46
22/05/2017,7.95,20,160,784,84,10.45,5.75,12.9,17,3.65,17.45,56.5,39.85,4,136,233,24,35.5,3,10.55,5.3,0.8,10,90.5,496,77,37.75,7,12.15,19.6,6.5,5.5,6,6.55,316,"1,500.00",10.45,550,4.1,0.7,7.5,7.2,28.1,112,14.75,2.35,95,23.5,25.75,65,20,200,20.25,29.75,25,2.7,7.05,20.25,24.5,2.25,15.95,27.25,178,2.75,176.25,"3,296.16","3,741.91",140.83
23/05/2017,8.05,19.75,160,784,84,10.85,5.8,12.9,18.7,3.6,17.3,56,39.75,4,139,232,24,36,2.85,10.5,5.45,0.8,10.2,91,453,77,38.5,7.1,12.1,19.9,6.45,5.5,6,6.5,316,"1,500.00",10.4,550,4.1,0.75,7.05,7.2,28.05,111,14.7,2.5,95,23.5,26.75,65,20,200,20.5,31.5,25,2.7,7.25,20.5,24,2.3,14.5,27.25,179,2.75,177.16,"3,317.16","3,754.46",140.77
24/05/2017,8.25,20,164,784,84,11.2,5.75,12.7,18.7,3.6,17.35,56.5,39.9,4,138,233,24,38,2.6,10.6,5.3,0.8,10,91,460,80,39.5,7.15,12.1,20.05,6.5,5.5,6,6.6,315,"1,500.00",10.4,550,4,0.75,6.45,6.5,28.65,116,14.7,2.55,95,23.5,27.75,69.5,20.25,201,21,32,25,2.75,7.2,20.75,23.25,2.25,14.5,29.75,180,2.75,180.97,"3,376.58","3,832.35",143.48
25/05/2017,8.7,19.9,160,784,84,11.5,5.65,12.6,18.7,3.65,17.4,56.5,39.95,4,140,238,23.5,37.75,2.5,11,5.25,0.8,10.45,91,460,78,40,7.35,12.25,20.5,6.5,5.5,6,6.75,319,"1,500.00",10.2,550,4.35,0.75,6.7,6.5,29.65,118,15,2.55,95,23.5,27.5,71,20.25,199.75,21.5,30,25,2.7,7,21,23,2.3,14.5,28,180,2.75,183.65,"3,410.89","3,883.64",145.55
26/05/2017,8.6,20.5,175,799,90,11.85,5.75,13.3,18.7,3.65,17.5,56.5,39.85,4,140,239,24,38,2.55,10.8,5.2,0.8,10.6,91,460,78,39,7.4,12.15,20.65,6.6,5.5,6,6.95,319,"1,500.00",10.45,550,4.45,0.75,6.8,7,30.4,117,15,2.55,95,23.5,27.5,72,20.5,209.5,21.75,30,27,2.6,7.05,20.75,23,2.25,14.45,28,182,3,183.71,"3,442.38","3,907.93",147.07
29/05/2017,8.55,20.5,175,799,90,12.5,5.75,13.35,17.9,3.7,16.3,56.5,39.85,3.6,140,241,24,36.75,2.3,10.35,5.2,0.85,10.65,92,454,80,38.25,7.8,12.15,20.5,7,5.5,6,6.9,319,"1,500.00",10.95,550,4.75,0.75,6.8,7,30.6,112,14.7,2.55,95,23.5,27.75,70.5,20,200,21.5,30,25,2.55,7,20,23,2.25,14.45,28,184,3.1,181.73,"3,438.20","3,858.70",145.59
30/05/2017,8.75,21.25,174,799,85,12.1,5.7,13.3,19,3.65,16.3,59,39.4,3.6,139,241,25,37.75,2.35,10.8,5.05,0.85,10.15,92,454,80,38.5,7.9,12.25,20.45,7.35,5.5,6,6.85,319,"1,500.00",10.5,550,4.75,0.75,6.5,7,30.45,115,14.9,2.55,95,25.25,25.5,70.5,20,200.75,21,33,25,2.7,7.35,20.5,23,2.25,14.45,30,185,3.3,182.06,"3,438.17","3,858.64",144.62
31/05/2017,8.95,20.5,169,799,85,11.85,5.75,12.85,19,3.75,16.6,56.5,39.5,3.6,140,240,25,38,2.35,10.45,5.2,0.85,9.8,92.5,453,80,39.75,7.8,12.45,20.6,7.2,5.5,6,6.8,325,"1,500.00",10.5,550,4.75,0.75,6.65,7,30.75,115,14.95,2.4,95,25.25,25.5,70.5,18.8,202,22.25,33,26.75,2.7,7.3,20,23,2.45,14.25,29.75,185,3.3,185.75,"3,441.05","3,926.32",148.4
02/06/2017,9,22.25,170,800,85,11.45,5.7,12.8,19,3.65,17.05,59,39.65,3.6,143,240,25,39.25,2.5,10.65,5.2,0.8,9.76,100,426,79,40,7.85,12.3,20.45,7.3,5.5,6,6.85,325,"1,500.00",10.45,550,4.7,0.75,7,7,32,117,14.95,2.35,95,25.25,27.25,70,18.4,202.75,22.5,33,27.25,2.5,7.3,22,21.75,2.3,15.65,30.5,184,3.3,187.49,"3,473.19","3,978.68",150.08
05/06/2017,9.15,20.75,170,790,85,11.45,5.65,12.7,19,3.8,17.3,59,39.5,3.95,147,240,25,39.25,2.6,10.6,5.65,0.8,9.78,100,426,78,40.75,7.9,12.35,20.15,7.3,5.5,6,6.75,325,"1,500.00",10.75,550,4.6,0.8,6.95,7.5,33,117,15.3,2.35,97,25.25,27.25,70.5,18.1,202.75,22.25,34.25,27,2.65,7.3,21.5,22,2.25,14.2,30.5,184,3.3,188.32,"3,480.78","3,989.18",149.63
06/06/2017,9.5,20.75,170,795,85,11.3,5.65,12.7,19,3.75,17.55,59,39.4,3.95,142,233,25,39.25,2.7,10.55,5.25,0.8,10,94,426,80,40,7.85,12.3,20.25,7.4,5.5,6,6.65,325,"1,500.00",10.5,550,4.6,0.8,6.9,7,33.05,116,15.25,2.35,97,27.75,25.75,72,17.85,202,22,35.75,27.25,2.6,7.3,22.25,21.25,2.25,14,30,184,3,186.45,"3,457.29","3,949.50",148.25
07/06/2017,9.6,20.75,170,795,90,11.35,5.7,12.5,20,3.8,17.45,57,39.25,3.95,141,238,25,39.25,2.45,10.45,5.25,0.75,10.05,93.25,428,80,40,7.85,12.4,20.4,7.35,5.5,6,6.85,325,"1,500.00",10.45,560,4.65,0.85,7,6.75,33.4,116,15.15,2.35,97,27.75,25.5,73,18.35,202,22.25,34.75,29,2.65,7.15,21.75,21.75,2.2,13.9,30,184,3,187.74,"3,472.96","3,974.55",149.29
08/06/2017,9.5,20.75,171,795,90,11.7,5.65,12.8,20,3.8,17.45,57,39.8,3.95,141,238,25,39.25,2.45,10.8,5.75,0.75,10.25,93,429,78,40,7.95,12.35,20.5,7.3,5.5,6,6.8,293,"1,500.00",10.25,600,4.95,0.85,6.95,6.75,32.6,115,15.25,2.3,97,28,26.25,71.5,18,203,22.25,34.75,27.75,2.65,7.5,21.75,21.75,2.3,13.8,30,184,3.1,187.87,"3,474.78","3,970.46",149.28
09/06/2017,9.75,20.5,170,795,90,11.65,5.5,12.55,20,3.75,17.3,57,40,3.95,142,237,27.5,39,2.4,11.2,5.3,0.75,10.25,93,429,80,39.75,8,12.15,20.75,7.2,5.5,6,6.3,293,"1,500.00",10.35,600,4.85,0.9,6.95,6.75,31,115,15.45,2.3,97,28,26,72,17.55,206.25,22.75,33.5,29,2.7,7.5,21.75,21.75,2.25,14,30,185,3.3,188.27,"3,468.68","3,982.24",150.53
12/06/2017,9.6,20.5,169,794,90,11.95,5.75,12.55,20,3.75,17.2,57,40,3.85,145,239,27.5,39.75,2.4,11.25,5.55,0.75,10.3,93,428,80,38.75,8.25,12.15,20.75,7.35,5.5,6,5.7,294,"1,500.00",10.65,600,5.05,0.9,7.65,6.75,30.8,103,15.6,2.3,97,28,26.5,70,18.5,205.25,22.75,34,28.75,2.6,7.5,21,23,2.2,13.8,30,185,3.5,188.11,"3,469.08","3,977.25",150.42
13/06/2017,9.5,20.75,175,793,90,12.45,5.55,12.55,20,3.75,17.15,57,39.5,3.95,150,241,27.5,39.5,2.45,11.5,5.35,0.75,10.3,100,428,80,38.25,8.45,12.1,20.9,7.5,5.5,6,5.15,294,"1,500.00",10.7,600,5,0.95,8.35,6.75,31.6,104,15.45,2.35,97,28,25.5,70,18.15,204.5,23.5,36,27.5,2.35,7.35,21,23.75,2.25,13.8,30,184,3.3,189.03,"3,487.45","4,022.87",152.93
14/06/2017,9.5,20.75,175,793,90,12.5,5.55,12.05,20,3.8,17.4,57,38.9,3.95,150,245,27.5,39.75,2.4,11.5,5.5,0.75,10.05,101,429,80,38,8.45,12.9,20.85,7.85,5.5,6,4.8,294,"1,500.00",10.75,600,5.45,1.05,8.5,6.75,31.2,103,15.75,2.35,97,28,26,71.5,17.7,207.25,23,36,26.5,2.35,7.1,21.25,24,2.15,13.8,30,184,3.3,189.14,"3,487.85",4025.47,155.03
15/06/2017,9.65,21,167,795,90,12.55,5.35,12.7,20,3.8,17.3,57,39.9,3.6,146,249,27.5,40,2.35,11.7,5.5,0.75,10.2,100,429,72,37.75,8.5,12.5,20.9,7.9,5.5,6,5.25,294,"1,500.00",10.9,600,5.45,1.1,9.25,6.75,32.95,108,15.75,2.35,97,28,26,71.5,18.65,207.5,23.25,36.5,27,2.45,7.2,21,24,2.2,13,29.75,190,3.25,190.4,"3,522.79","4,050.09",152.94
16/06/2017,9.6,21,167,795,90,13,5.6,12.85,20,3.85,17.2,57,41.4,3.6,152,256,27.5,39,2.45,12.2,5.35,0.8,10.35,101,430,72,37,8.6,12.75,20.8,7.95,5.5,6,5.7,294,"1,500.00",11,600,5.25,1.15,9.85,6.75,33.65,105,15.8,2.45,97,28,25.75,71.5,18.7,207,23.5,36.5,29,2.65,6.8,20.5,25.5,2.2,14,32,190,3.25,190.91,"3,541.35","4,067.36",154.08
19/06/2017,9.9,21.75,167,795,90,13.45,5.55,12.75,21,4.1,17.05,62,41.8,3.6,152,260,27.5,38,2.4,12.8,5.6,0.8,10,100,430,75,36,8.8,12.75,20.35,8.15,5.5,6,5.85,294,"1,500.00",11.35,600,5.1,1.2,10.7,6.5,34,107,16.05,2.4,97,28,25.75,73,19.45,209.75,23,39,27,2.6,6.8,20.5,25.25,2.15,13.9,32,189,3.25,190.88,"3,582.76","4,050.39",152.97
20/06/2017,9.95,21.75,168,795,85,13.35,5.55,12.7,21,4.25,17,59,42.05,3.6,153,260,27,38.25,2.55,12.2,5.7,0.8,10.2,100,450,80,37,8.85,12.65,20.5,8.25,5.5,6,5.7,294,"1,500.00",11.25,600,5.25,1.25,11.1,6.25,34.25,107,16.8,2.5,97,28,26.5,73,19.15,208.75,22.75,38,29,2.4,6.85,20,24.5,2.15,13.8,32,189,3.25,191.62,"3,600.01","4,054.25",152.74
21/06/2017,10,22,168,794,85,13.45,5.8,12,21,4.3,16.95,59,43.35,3.6,153,267,27,38.25,2.4,12.8,5.7,0.85,10.3,101,430,75,37.5,8.85,12.9,21,8.15,5.5,6,5.55,294,"1,500.00",11.4,600,5.1,1.25,11.3,6.8,34.8,107,17,2.3,97,28,26.25,73,18.05,205,22.75,36,27,2.4,6.85,20,25,2.15,13.8,32,189,3.4,193.31,"3,608.15","4,086.60",153.23
22/06/2017,10,21.75,170,800,93,13.3,5.6,12.65,21,4.2,17,64,43.3,3.6,154,265,27,37.5,2.5,12.95,5.7,0.85,10,101,430,75,37.5,8.75,13,20.95,8.25,5.5,6,5.45,294,"1,500.00",11.55,600,5,1.15,10.8,6.8,34.25,107,17,2.45,97,29,26.5,72,18.8,209.25,23.25,36.75,27,2.55,6.8,20.5,24.5,2.15,13.75,30.5,189,3.3,192.9,"3,612.55","4,087.32",154.35
23/06/2017,10,21.75,180,800,102,13.2,5.6,12.4,21,4.1,17,65.5,42.35,3.6,156,264,27,37.5,2.45,12.5,5.75,0.8,10,103,429,75,37.75,8.7,13.1,20.7,8.45,5.5,6,5.55,319,"1,500.00",11.45,600,5.05,1.1,10.25,6.8,32,107,17.15,2.4,97,30.75,27.5,72,18.45,209,23,39,27.25,2.65,6.8,20.75,24.5,2.1,13.75,31,190,3.55,192.72,"3,623.83","4,089.81",154.59
27/06/2017,9.65,22,180,838,102,12.8,5.6,12.5,21,4.05,16.95,71.5,41.85,3.6,157,263,26.5,37.75,2.45,12.15,5.7,0.8,10.35,103,429,80,37.75,8.55,13.3,21.4,8.3,5.5,6,5.4,319,"1,500.00",11.45,600,5.05,1,10.25,6.2,33.9,107,16.8,2.45,97,30.75,26.5,74,18.75,214.75,23.5,37.5,27,2.65,6.75,21,25,2.1,13.75,31.25,190,3.55,191.75,"3,616.31","4,105.38",155.56
28/06/2017,9.85,22,183,838,102,12.55,5.3,12.9,21,4.05,16.85,71.5,40.95,3.6,164,259,26.5,37.75,2.45,12.35,5.7,0.85,10.4,103,430,80,37,8.4,13.85,21.45,8.05,5.5,6,5.3,319,"1,500.00",11.35,600,5,1,9.3,6.7,32.8,105,15.95,2.45,97,30.75,26.5,74,18.8,208,23,37.5,28.75,2.45,6.9,20.75,23.25,2.1,13.5,30,190,3.7,190.07,"3,609.21","4,081.89",154.32
29/06/2017,9.9,22,183,802,93,12.7,5.3,13.6,21,4.05,16.65,76,41.3,3.6,160,260,26.5,37.75,2.4,12.35,5.55,0.9,10.6,103.25,430,80,37.5,8,13.95,20.1,8,5.5,6,5.25,319,"1,500.00",11.35,600,5,1.05,9.2,6.7,32.25,107,16,2.45,97,30.75,26.5,71.5,19.4,207.25,23,37.75,27,2.45,7,21.25,23.25,2.15,13.3,30,190,3.55,189.83,"3,596.56","4,069.38",153.22
30/06/2017,9.95,20.5,186,847,93,12.65,5.6,13.6,21,4.05,16.9,72.5,41.65,3.6,160,259,26.5,37.5,2.35,12.55,5.05,0.95,10.45,103.5,440,80,37.75,7.95,14,20.75,7.95,5.5,6,5,310,"1,500.00",11.4,600,5.05,1.1,8.9,6.2,33.7,108,16.7,2.5,97,30.75,26.5,71,20,208,22.75,39.25,28.75,2.5,6.6,21.25,22.25,2.15,12.55,30.25,190,3.55,189.82,"3,607.18","4,072.33",152.92
03/07/2017,9.85,21.25,189,801,93,12.85,5.6,13.5,21,4.05,14.85,75.5,41.55,3.95,161,251,26.5,38,2.35,12.6,5.35,1,10.35,106,431,80,37.75,8.15,13.95,20.35,7.85,5.5,6,5.2,319,"1,500.00",11.95,600,4.9,1.1,8.6,6.2,34.1,107,16.7,2.5,97,30.75,26.5,73,20,207.5,22.75,36,27,2.5,7,21.5,22.25,2.2,13.75,30.5,183,3.5,190.64,"3,583.41","4,031.61",152.63
04/07/2017,9.85,21,188,801,100,12.9,5.6,13,21,4,14.2,76,42,3.95,161,245,26.5,37.75,2.35,12.45,5.1,1.05,10.35,106,430,79,38,7.85,13.8,20,7.95,5.5,6,5.3,300,"1,500.00",11.95,600,4.95,1.1,8.75,6.6,33.95,109,16.85,2.6,97,30.75,25.5,74,20,208,23,34.5,26.5,2.5,6.65,21,22.25,2.35,13.35,31,183,3.5,188.68,"3,560.51","4,004.39",151.88
06/07/2017,9.8,21.75,190,800,93,13.65,5.8,13.7,21,4.1,14,72.5,41.85,3.9,161,249,24,37.5,2.35,12.2,5,1.1,10.3,104,428,79.5,37.75,7.9,13.6,19.95,8.05,5.5,6,4.95,300,"1,500.00",11.95,600,5.05,1.1,8.9,6.7,33.5,108,16.8,2.6,97,33.5,25.5,74,20.5,214.5,22.75,35,28.75,2.6,7,20.75,23.5,2.25,13.5,30.5,185,3.5,188.35,"3,580.52","3,998.42",151.5
07/07/2017,9.55,22,190,803,93,14.2,5.8,13.7,21,4.15,13.95,72.5,41.6,3.9,164,251,24,37.25,2.35,12.15,5,1.05,10.4,104,430,80,37.75,7.95,13.5,19.9,8.15,5.5,6,4.95,300,"1,500.00",11.9,600,5,1.1,8.9,6.6,33.55,109,16.85,2.6,97,33.5,26.5,74.5,20.25,214,23,35.75,27,2.6,7.3,21.5,23,2.25,12.3,30.5,185,3.5,188.77,"3,604.06","4,011.78",152.24
10/07/2017,9.5,21.75,189,804,95,14.4,5.7,12.95,20,4.2,14,72.5,41.95,3.9,164,249,24,37,2.35,12.1,5.3,1.1,10,104,430,85,37.75,7.95,13.7,19.75,8.1,5.5,6,4.9,301,"1,500.00",11.65,599,5.1,1.05,8.75,6.4,33.5,110,16.7,2.8,97,35,25,73.5,20.5,213.75,23,34.5,27.75,2.55,7.15,21,24.5,2.3,13.5,30.5,185,3.5,188.48,"3,594.41","4,002.61",152.12
11/07/2017,9.55,21.75,188,800,95.5,14.55,6,13,20,4.2,13.95,72.5,41.85,3.9,165,246,24,37.5,2.3,12.95,4.9,1,10.05,104,430,84.5,38,7.9,14,19.8,8.15,5.5,6,4.95,319,"1,500.00",11.4,599,5.1,1,8.65,6.4,34,108,16.75,2.55,97,35,24.75,74.5,20.75,212.75,23,34.25,28,2.55,7.45,20.5,25.25,2.45,13.5,30.5,186,3.5,188.78,"3,600.60","4,008.17",152.19
12/07/2017,9.5,21.75,190,801,95.5,15.8,5.95,13.1,20,4.35,13.95,72.5,41.55,3.9,169,247,21.75,37.25,2.35,12.95,4.9,1,10.35,105,430,83,38,7.85,14,20.5,8.15,5.5,6,5.05,319,"1,500.00",11.35,599,5.1,1,9.2,6,33.95,107,16.75,2.5,97,35,25.25,76,21,213.5,23,32,27,2.7,7.45,21,24.5,2.45,13.5,30.5,186,3.5,189.33,"3,632.82","4,020.85",152.56
13/07/2017,9.5,21.75,189,800,95.5,15.8,5.8,13.7,20,4.45,13.95,72.5,41.95,3.9,169,246,21.75,37.5,2.45,13,4.9,1.05,10.5,107,430,83,38.75,7.85,14,20.25,8.15,5.5,6,5.05,319,"1,500.00",11.7,600,5,1,10.1,6,34.15,109,16.95,2.35,97,32.5,25.5,76.5,22.25,215,23,31.75,28,2.7,7.35,21,24,2.65,13.5,30.5,186,3.5,190.1,"3,659.28","4,038.39",152.99
14/07/2017,9.6,21.75,190,800,95.5,14.3,5.8,13,20,4.45,14,72.5,41.5,3.9,165,249,21.75,38,2.45,12.6,4.9,1.1,10.55,109.5,430,85,39.25,7.95,14.05,20.25,8.1,5.5,6,5.05,317,"1,500.00",11.45,600,5.2,1.05,10.9,5.55,33.75,105,18.55,2.5,97,32.5,26.5,76,21.75,217,23,32.25,28,2.7,7.4,21,24,2.85,12.3,31.75,186,3.5,190.53,"3,642.90","4,046.05",153.13
17/07/2017,9.6,21.75,182,800,95,14.15,5.8,13,20,4.5,14.5,70,41.15,3.9,179,250,21.75,38.75,2.4,12.9,4.95,1.1,10.5,107.75,428,84,39.75,7.85,14.1,19.9,8.05,5.5,6,4.85,317,"1,500.00",11.7,600,5.05,1,11.05,5.85,33.95,107,18.3,2.5,97,32,25,79.5,21.75,215,23,32,29,2.7,7.5,21,24,3.05,12.2,31.75,185,3.5,191.74,"3,658.65","4,080.96",153.63
18/07/2017,9.55,21.5,190,800,96,13.95,5.8,13,20,4.55,14.5,70,41.5,3.9,175,253,22,39.5,2.35,12.4,5.15,1.05,10.55,107.75,430,85,39.75,7.8,14.55,20,8.1,5.5,6,4.55,316,"1,500.00",11.9,600,5,1,11.1,5.3,33.95,106,18,2.5,97,32,26.25,79.5,22,215,22.75,32,27,2.75,7.4,21.25,25.75,3,12.2,30.5,189,3.6,192.33,"3,679.43","4,099.52",154.06
19/07/2017,9.6,21.75,190,786,97,14,5.85,13,20,4.5,14.85,72,40.6,3.9,175,252,23,39.75,2.35,12.25,5.15,1.05,10.5,107,430,85,39.25,7.75,14.55,20.45,8.1,5.5,6,4.55,316,"1,500.00",12.35,600,5.4,1,10.2,5.5,34.3,107,18.15,2.5,97,32,25.5,80,22.25,215.25,23,35,27,2.75,7.5,21.75,25.25,2.9,13.2,31.5,180,3.85,192.31,"3,674.96","4,103.65",154.19
20/07/2017,9.65,21.5,190,786,97,13.8,5.85,13.05,20,4.6,14.9,70,40.55,3.9,179,253,23,39.25,2.5,11.85,5.2,1.05,10.45,108,429,85,39.75,7.75,14.6,20.1,8.2,5.5,6,4.85,316,"1,500.00",12,600,5.4,1,10.35,5.5,34,108,18.8,2.5,97,32,25.75,79.5,22,215,23,37,26.5,2.7,7.4,21.25,25.75,2.95,13,32,180,3.85,192.79,"3,683.24","4,106.84",154.31
21/07/2017,9.65,21.5,189,786,97,13.75,5.8,13.6,20,4.95,14.95,72,40.35,3.55,179,254,25,39.75,2.35,12,5.2,1.05,10.35,107,417,84.5,39.75,7.8,14.95,20.95,8.2,5.5,6,4.9,316,"1,500.00",12,600,5.35,1.05,10.9,5.3,33.85,108,19.05,2.6,97,32,25,79.5,22,217.5,23.25,37,26.5,2.8,7.3,22,25,3.15,13,32,180,3.65,193.95,"3,700.44","4,127.60",155.3
24/07/2017,9.65,21.5,190,786,97,13.85,5.95,13.5,20,4.75,14.95,72,40.35,3.55,179,255,25,40.25,2.5,11.95,5.15,1.05,10.25,107,417,85,39.75,7.85,14.9,20.8,8.25,5.5,6,4.75,316,"1,500.00",11.95,600,5.35,1.05,11,4.85,34,108,19.8,2.6,97,32,25.5,82,22,233.25,23.25,36,26.5,2.95,7.75,21.5,24,3.4,13.05,32,180,3.95,194.63,"3,712.13","4,151.95",156.11
25/07/2017,9.75,21.5,190,799,99,13.85,5.95,13.25,20,4.8,15,72,40,3.55,180,262,25,40.75,2.5,12.05,5.05,1.05,10.35,107.75,430,85,39.5,7.95,14.95,20.5,8.25,5.5,6,4.6,316,"1,500.00",12,600,5.25,1.05,10.2,4.4,34.95,108,20.05,2.6,97,32,26,80,22,221.25,23.5,32.5,27,2.8,7.65,21.5,23,3.65,13.05,32,180,3.95,195.81,"3,729.81","4,180.72",157.05
26/07/2017,9.7,21.5,191,800,99,14.95,6.1,13.15,20,4.9,15.15,72.5,40.45,3.55,180,264,25,41,2.4,12.9,5.2,1.05,10.55,107,430,85,39.75,8.1,14.7,21.5,8.4,5.5,6,4.4,316,"1,500.00",12.05,600,5.4,1.05,10.05,4.4,34,108,20.05,2.6,97,32,25.25,80,23.75,219,23.75,32,27,2.75,7.7,21.5,23,3.85,13.05,32,180,3.95,197.72,"3,768.38","4,216.47",158.35
27/07/2017,9.75,21.5,190,800,99,14.45,6.35,13.35,20,4.8,15.1,74,40.45,3.55,180,264,25,41,2.5,12.75,5.2,1.05,10.45,109.75,430,85,40,8.05,14.9,21.95,8.45,5.5,6,4.45,316,"1,500.00",12.05,600,5.35,1.05,9.95,4.2,34.1,110,19.5,2.65,97,32,26.75,80,22.25,217,23.75,32,27.75,2.9,7.65,22.75,25.25,3.6,13.5,32,180,4,197.67,"3,764.74","4,215.46",158.4
28/07/2017,9.75,21.5,191,820,99,14.45,6.5,13.35,20,4.85,15.4,71,40.5,3.9,183,264,25.5,41.25,2.35,12,5.15,1.05,10.45,108,420,85,41,8.15,15.05,21.95,8.5,5.5,6,4.2,320,"1,500.00",12.95,600,5,1.05,10,4.4,34.95,113,19.95,2.8,97,32,27,80,21.75,221,24.5,35,27,2.75,7.65,22,23.5,3.8,13.2,32,186,4,200.09,"3,798.63","4,272.50",161.18
31/07/2017,9.8,21,190,820,99,14.45,6.45,13.1,20,4.85,15.65,75,40.3,3.85,184,264,25.5,40.75,2.4,12.2,5.05,1.05,10.45,114.75,430,85,40.75,8.45,15.05,21.45,8.75,5.5,6,4.35,320,"1,500.00",12.75,600,5.1,1.05,9.55,4.5,33.9,108,19,2.7,97,32,25.25,80,23.5,221.75,24.5,35,27,2.65,7.5,22,24,3.6,14.2,30.5,180,4,200.66,"3,797.53","4,271.13",161.35
01/08/2017,9.45,20.5,190,800,91,14,5.9,12.7,20,4.9,15.65,72.5,40.9,3.5,184,265,25.5,40.75,2.4,12,5,1.05,10.4,111,430,84,39.5,8.15,14.85,20.55,8.5,5.5,6,4.3,320,"1,500.00",12.45,600,4.95,1.1,10,4.5,32.55,108,19.15,2.5,97,32,24.5,80,22.5,220,23.75,35,27.25,2.75,7.3,21.25,23,3.5,14,31.75,180,3.95,197.91,"3,742.50","4,214.72",158.35
02/08/2017,9.55,20.25,190,800,95,13.8,6.3,12.5,20,4.9,15.65,73,40.95,3.5,184,264,25.5,40.75,2.35,12.05,5,1.05,10.45,115,431,84,39.5,8.1,14.95,20.95,8.45,5.5,6,4.25,320,"1,500.00",12.75,600,4.95,1.1,9.8,4.5,32.55,107,20.2,2.45,97,31,25,80,22.25,220,24,37,27.25,2.6,7.4,20.25,23,3.45,13,31.75,180,3.95,197.92,"3,741.46","4,223.28",158.94
03/08/2017,9.55,21,191,800,99,13.9,6.1,12.35,20,4.9,15.6,75,41.55,3.75,185,269,27,39.75,2.35,12,5.15,1.05,10.4,115,440,84,40.5,8.2,15.25,22,8.45,5.5,6,4,320,"1,500.00",12.5,600,5.2,1.1,9.45,4.6,32.65,109,19.6,2.6,97,31,25.25,80.5,23.25,220,23.75,37,27.5,2.6,7.4,21,23.25,3.4,13.9,34,180,4,198.82,"3,773.52","4,234.51",158.94
04/08/2017,9.55,21,192,800,99,14.15,6.15,12.35,20,4.9,15.55,75,41.7,3.85,182,267,27,39.75,2.35,12.5,5.15,1,10.5,115,435,84,40.5,8.35,15.3,21.7,8.4,5.5,6,4.2,320,"1,500.00",12.75,600,5.15,1.1,9.55,4.6,32,108,20,2.65,97,31,25.25,80,23.75,221,23.5,35,27.5,2.75,7.2,20.5,25.5,3.45,14.2,31.75,180,4,198.62,"3,775.89","4,214.56",158.17
07/08/2017,9.65,21,193,800,99,14.4,6.15,12.4,20,4.95,15.7,72.5,41.75,3.9,184,266,27,40.25,2.4,12.05,5.15,1,10.45,115,435,84,41.5,8.5,15.4,21.45,8.7,5.5,6,4.35,309,"1,500.00",12.65,600,5.05,1.1,9.5,4.5,32.8,109,19.55,2.65,97,31,27,80,23.75,222,23.5,35,27.25,2.7,7.55,21.5,25.5,3.7,14.2,29,185,4,200.52,"3,818.27","4,239.05",158.83
09/08/2017,9.95,21.5,193,800,99,14.85,6.15,12.4,20,5.15,15.85,75,42.05,3.9,185,265,28,41.25,2.4,12,5.2,1,10.8,115,450,84,42.5,8.55,15.75,22.4,8.95,5.5,6,4.55,309,"1,500.00",12.65,600,5.1,1.15,9.85,4.9,34,112,20.05,2.65,97,31,26.5,80,21.5,222,23.75,35,27,2.7,7.55,21.5,25.5,4,13.9,29,190,4,203.63,"3,850.13","4,287.73",160.54
10/08/2017,10.3,21,193,800,99,14.55,6.4,13,20,5.15,15.9,75,42.95,4.2,185,267,28,41,2.35,12.35,5.15,1,11.5,115,463,84,42.5,8.9,16.05,21.85,9.5,5.5,6,4.55,309,"1,500.00",13.4,600,5.3,1.1,10,4.75,35.05,114,20.5,2.6,97,31,27,81,23,227,24.25,35,27.5,2.55,7.65,22.5,25.5,3.95,14.05,29.5,186,4,206.3,"3,903.29","4,328.42",162.74
11/08/2017,10.6,21,193,800,100,14.9,6.5,13.3,20,5.6,16.15,75,43.7,4.65,189,268,28,42.75,2.45,12.25,5.25,1.05,11.6,115,470,84,43.5,9.2,16.15,22,10.1,5.5,6,4.6,309,"1,500.00",13.5,600,5.25,1.15,11,4.95,36.5,117,21,2.75,97,31,26,81,23.25,230,24.5,35,27.75,2.55,7.7,23,25.5,4.15,13,32.25,186,4,210.76,"3,976.98","4,401.36",165
14/08/2017,11.5,21,194,800,109,15.1,6.9,13.45,20,6.1,16.95,75,44.6,4.85,190,267,28,44,2.45,12.35,5.2,1.1,12.2,120,470,84,45.25,9.9,16.3,22,10.95,5.5,6,4.95,309,"1,500.00",13.8,600,5.3,1.2,11.85,4.75,36.3,117,22.85,2.8,97,31,24.5,85,23.25,232,25,35,30,2.8,7.8,23.5,27.5,4.45,13,32.75,179,4,218.4,"4,076.94","4,510.40",168.81
15/08/2017,11.6,20.75,194,800,108,15.5,6.95,13.1,20,6.65,17.5,76,45.15,4.5,189,266,28,44.25,2.5,12.85,5.25,1.1,13.2,120,467,91.5,45.25,9.75,16.45,22.45,11.05,5.5,6,5.05,309,"1,500.00",14,600,5.45,1.25,11.9,4.9,36.25,116,23.2,2.85,97,31,25.75,84.5,23.25,236.5,24.75,35,30.75,2.8,7.6,24.25,27.25,4.4,14.05,33.75,179,3.6,219.67,"4,114.01","4,515.36",168.71
16/08/2017,11.05,20.75,194,800,108,15.5,6.85,13.25,20,6.4,17.5,75.5,45.15,4.45,190,269,25.5,43.75,2.45,12.8,5.3,1.1,12.85,124.5,479,91.5,44.75,9.2,16.3,22.1,10.9,5.5,6,5.05,309,"1,500.00",14,600,5.35,1.3,11.75,5.1,36.35,115,23.1,3,97,31,25.5,83,23.75,233,24.25,35,30.25,2.75,8.1,24.25,27,4.15,14,34.5,179,3.6,216.96,"4,069.34","4,482.89",166.79
17/08/2017,10.75,20.75,195,800,108,15.35,6.6,13.3,20,6.1,17.4,76,44.1,4.45,190,269,25.25,43,2.45,12.9,5.3,1.1,11.9,124.5,450,92,44,9.2,16.4,22.2,10.55,5.5,6,5,309,"1,500.00",13.95,600,5.35,1.25,11.8,5.2,36.25,115,23.95,3.3,97,31,26.5,82.5,24,234.25,24.25,33.5,30,2.8,8.05,23.5,27.5,4.05,14,34.5,180,3.5,214.7,"4,045.89","4,457.05",166.08
18/08/2017,10.45,20.75,199,801,108,15.15,7,13.05,20,6.2,16.2,76.5,42.3,4.4,190,269,25.25,43,2.45,12.1,5.3,1.1,11.45,124.25,464,91.5,44,9.25,15.45,22.05,10.15,5.5,6,4.95,309,"1,500.00",13.95,600,5.3,1.2,11.5,5.15,36.25,114,23.95,3.35,97,33,26,81.5,23.75,233.5,24.25,33.5,29.75,2.75,8,23.5,25.5,3.95,13.75,31.75,180,3.6,210.7,"3,992.76","4,413.94",165.2
21/08/2017,10.35,20,199,801,108,15.1,7,13,20,6.25,16.45,78,42.95,4.4,190,268,25.25,43,2.45,12.2,5,1.1,10.55,126,464,92,44.25,9.25,15.5,21,10.65,5.5,6,4.75,309,"1,500.00",13.95,600,5,1.15,11.3,5.15,36.2,112,23.85,3.3,97,33,26.75,82.5,23.75,230.5,24.75,33.5,30.25,2.6,7.8,23.25,27,4,14,31.5,186,3.6,211.89,"4,007.55","4,436.38",166.61
22/08/2017,10.3,20,199,802,99.5,15.1,6.9,13,20,6.25,16.35,76.5,42.85,4.75,184,267,25.25,42.75,2.45,12.2,5,1.1,10.7,125,464,92,44.75,9.2,16.2,21.5,10.95,5.5,6,4.4,309,"1,500.00",13.95,574,5.3,1.15,11.35,4.7,36.1,114,23.75,3.25,97,33,25.75,81.5,24.5,230.75,24.75,35,30.5,2.8,7.75,23.25,28.75,4,14.1,32,180,3.6,212.29,"4,013.71","4,435.76",166.57
23/08/2017,10.4,20,196,802,108,15.45,6.85,13,20,6.2,16.55,76.5,42.35,4.45,184,266,25.25,43,2.5,12.05,5,1.1,11.25,125,464,92,45,9.3,16.45,21.6,11.1,5.5,6,4.6,309,"1,500.00",13.9,574,5.15,1.15,11.15,4.8,36.9,114,23.35,3,97,32.25,25.75,81.5,24.5,231,25,35,30.5,2.8,7.65,24,28,4,14.1,32.5,180,3.6,213.84,"4,028.56","4,457.07",167.53
24/08/2017,10.55,20,199,802,106,14.95,6.9,12.95,20,6.15,16.7,76.5,42.5,4.75,190,267,25.25,43.25,2.45,12.2,5.05,1.1,11.35,125,464,92,45.25,9.45,16.45,21.4,11.45,5.5,6,4.65,309,"1,500.00",13.85,540,5,1.15,11.5,4.7,36.95,114,22.65,3.15,97,32.25,26.75,82,24,232,25.25,35,30.5,2.7,7.75,24,27.75,4.05,14.05,34,180,3.6,215.25,"4,028.56","4,457.07",167.53
25/08/2017,10.6,19.6,191,810,106,15.1,6.8,13,20,6.2,16.95,76,42.7,4.4,188,266,25.25,43.5,2.45,12.5,5.05,1.1,11.65,125.75,464,92,45.5,9.7,16.75,21.9,11.55,5.5,6,4.6,309,"1,500.00",13.7,540,5,1.2,11.9,4.75,37.1,115,22.45,3.25,97,31,26.5,81.5,24,233,26.5,35,30,2.6,7.7,24.75,28.75,4,14.05,33,166,3.9,218.26,"4,069.20","4,538.21",172.31
28/08/2017,10.8,19.75,189,810,110,15.1,6.7,13.1,20,6.15,16.9,76,42.9,4,189,267,25.25,44.25,2.45,12.45,5.1,1.1,11.6,123,464,90,45.25,9.9,16.95,22,11.65,5.5,6,4.55,309,"1,500.00",13.95,540,4.9,1.2,11.6,4.5,37.5,115,21.5,3.25,97,31,27,82,23.75,239,26.75,35,29.75,2.65,7.7,24.5,27,3.95,14,32.5,166,3.9,219.76,"4,089.00","4,565.84",173.47
29/08/2017,10.6,19.5,189,804,106,15,6.05,12.8,20,6,17,78,42.95,4.3,188,263,25.25,43.75,2.4,12.25,4.6,1.15,11.6,123.75,468,90,45.25,9.8,16.85,21.8,11.2,5.5,6,4.6,309,"1,500.00",13.9,540,4.85,1.15,11.85,4.15,38,115,21.3,3.05,97,28,26.5,81.5,22.5,238,26.75,35,29,2.6,7.15,24.75,28,3.9,14,32.5,170,4.05,218.15,"4,089.00","4,565.84",173.47
30/08/2017,10.55,19.55,187,801,106,14.95,5.9,12.85,20,5.95,17,78,42.9,3.95,188,262,27,43.75,2.4,12.35,5,1.15,11.6,125.5,471,90,45.25,9.8,16.8,21.8,11.3,5.5,6,4.85,309,"1,500.00",13.7,540,5.2,1.15,12,4.05,37.95,114,21,3,97,27,27,81,23,235.75,26.25,35,29.25,2.7,6.6,24.5,27,3.9,14,34,170,4,217.38,"4,042.08","4,536.93",172.75
31/08/2017,10.65,19.4,185,801,106,15,5.95,13,20,5.95,17.05,78,43.65,4.15,185,260,26,43.75,2.45,12.2,4.95,1.1,11.6,125,484,90,45,9.7,16.8,21.95,11.3,5.5,6,4.65,309,"1,500.00",13.9,540,4.9,1.15,11.9,3.65,40.65,114,20.9,2.9,97,26.25,26.75,81,23.25,237.5,25.5,35,29.25,2.8,7.1,24.75,27.5,3.85,14,33,170,4.2,216.24,"4,042.08","4,536.93",172.75
01/09/2017,10.25,18.35,185,800,103,14.3,5.85,12.9,21.5,5.55,16.7,77,43,3.95,179,257,26,40.25,2.4,12.25,4.7,1,11.55,124.75,468,90,43.75,9.2,16.35,21.55,10.75,5.5,6,4.55,315,"1,500.00",13.65,540,4.65,1.15,11.3,3.55,38.75,113,20.45,2.9,97,26.25,25,79.5,22.5,231,24.25,34,28.75,2.8,7.1,24.5,26.25,3.75,14,32.5,174,4.05,208.62,"3,887.28","4,328.07",162.91
04/09/2017,10.25,17.7,179,800,103,13.8,5.75,12.9,21.5,5.55,16,76,41.9,4,180,250,26,40,2.35,12.2,4.4,1,10.9,124,460,90,41.5,9.05,16.25,22.4,10.3,5.5,6,4.55,315,"1,500.00",13.4,540,4.5,1.1,11.2,3.45,38,112,19.05,2.8,97,26,24.25,80,21.25,225.25,24,34,28.75,2.8,7,24.25,26.25,3.55,14,32.5,174,4.05,203.35,"3,806.80","4,249.74",160.33
05/09/2017,10.4,16.6,180,800,105,13.4,5.5,13,21.5,5.5,16.2,76.5,42.2,3.95,177,246,26,38.75,2.3,12.1,4.7,1,10.95,124,460,90,41.75,9.2,15.65,22.45,10.25,5.5,6,4.55,315,"1,500.00",13,540,4.45,1.1,11,3.45,38.8,113,19.1,2.6,97,26,23.25,78,21,233.75,24.75,34,28.5,2.65,6.85,24,26,3.8,13.25,33,171,3.65,203.59,"3,770.03","4,250.12",161.9
06/09/2017,10.35,16.3,180,800,105,13.85,5.8,12.95,21.5,5.7,16.3,76,42.2,4,177,249,26,39,2.3,12.45,4.7,1.05,11.4,120,479,90,42,9.25,15.85,21.1,10.2,5.5,6,4.55,324,"1,500.00",13.3,540,4.9,1.1,10.85,3.2,38.75,111,19.25,2.65,97,26,23,80,21,233,24.75,33,28.5,2.6,7,22.5,25.75,4,13.25,33.5,170,3.65,204.82,"3,786.92","4,261.88",162.27
07/09/2017,10.35,16.35,180,800,105,13.9,5.65,12.9,21.5,5.7,16.3,76,42,4,177,249,26,39.25,2.35,12.25,4.75,1.05,11.65,123,476,90,42.25,9.2,16.45,20.9,10.3,5.5,6,4.4,324,"1,500.00",13,540,5,1.15,10.9,2.95,40.9,112,19.05,2.65,97,26,23,80,21.25,234.75,25.25,33,28.5,2.6,6.85,22.75,25,4,13.5,30.25,170,3.6,206.2,"3,805.22","4,300.95",164
08/09/2017,10.35,16.4,180,800,105,13.95,5.6,13,21.5,5.8,16.45,76,42,4.1,179,249,26,39,2.3,12,4.75,1.05,11.5,124.25,476,90,42.25,9.2,16.5,21.35,10.65,5.5,6,4.55,336,"1,500.00",13.45,540,5.3,1.1,10.5,2.95,39.15,113,18.95,2.9,97,27,25.25,80,20.75,234.75,25.75,33,28.5,2.5,7,22.5,26.5,3.95,13.95,32,170,3.6,207.34,"3,839.99","4,324.20",165.65
11/09/2017,10.3,15.1,180,800,103,14,5.45,12.6,21.5,5.85,16.55,76,42,4,182,249,26,39,2.35,11.8,4.9,1.05,11.4,124,478,81,42,9.3,16.3,20.95,10.4,5.5,6,4.75,336,"1,500.00",13.6,540,5.5,1.1,10.8,2.9,39.75,113,19,2.9,97,27,26.5,80.5,18.75,235.25,26,33,27.5,2.65,6.95,23,26.5,3.8,13.95,32,174,3.6,207.48,"3,815.71","4,329.55",166.32
12/09/2017,10.3,16.45,180,840,109,13.95,5.6,12.9,21.5,5.85,16.45,80,42,4,183,247,26,39,2.35,11.6,4.85,1.05,11.2,125,478,81,42,9.45,16.45,21.3,10.85,5.5,6,4.8,320,"1,500.00",13.15,540,5.55,1.1,10.45,2.9,39.95,112,18.95,2.9,97,27,26.5,80,18.75,238.5,26,33.25,27.5,2.65,7,23,28,3.9,13.95,30.25,174,3.6,207.78,"3,849.45","4,333.37",166.76
13/09/2017,10.45,15.05,179,807,109,13.8,5.75,12.9,21.5,5.75,16.55,80,41.45,4.4,182,246,23.5,38.75,2.45,11.45,4.9,1.05,11,125,478,81,42,9.35,16.45,21,10.5,5.5,6,4.75,320,"1,500.00",13.05,540,5.55,1.1,11.2,2.75,39.75,111,18.85,2.9,97,27,26.5,81,19,238.75,25.25,33.25,28.25,2.75,7,23.5,28,3.8,13.95,31,174,3.6,206.03,"3,805.24","4,289.91",164.17
14/09/2017,10.35,14.85,179,807,103,14,5.9,12.95,21.5,5.85,16.65,80,41.75,4.4,182,249,23.5,39,2.45,11.55,4.8,1.05,11.15,126,479,81,42,9.35,16.55,20.95,10.45,5.5,6,4.55,320,"1,500.00",12.75,540,5.5,1.1,11,2.65,40,112,18.55,3.05,97,28,26.25,80.5,19.1,239,25.25,33.25,28.25,2.8,7,23.5,28,3.85,13.95,31,174,3.6,206.81,"3,813.78","4,305.08",164.48
15/09/2017,10.4,13.7,179,807,103,14.05,5.8,12.95,21.5,5.55,16.6,80,41.65,4.15,182,249,23.5,39,2.5,11.5,4.9,1.05,11.05,129,475,81,42,9.35,16.55,20.8,10.55,5.5,6,4.75,320,"1,500.00",13,540,5.5,1.05,10.95,2.5,40.2,115,18.55,3.1,97,26.75,26.5,80,18.05,240,25.25,35.75,29.75,2.8,7,23.5,28,3.9,14,31.75,175,3.6,206.74,"3,783.98","4,307.07",164.49
18/09/2017,10.4,13.2,188,800,105,14.75,5.65,12.75,21.5,5.75,16.6,77,41.1,4.15,181,249,23.5,40,2.35,11.4,4.85,1.05,11,129,479,81,41.75,9.35,16.5,20.8,10.45,5.5,6,4.55,320,"1,500.00",12.85,540,5.5,1.05,10.9,2.5,39.95,113,17.9,2.8,97,26.75,26.25,79,17.8,240,24.25,36,29.5,2.55,6.95,23,27.75,3.8,14,32,175,3.3,205.8,"3,780.61","4,281.80",162.03
19/09/2017,10.4,13.55,180,800,101,14.95,5.55,12.95,21.5,5.7,16.55,76,41,4.5,182,253,23.5,39.5,2.35,11.25,4.9,1.05,11,129,480,80,42,9.3,16.55,20.05,10.35,5.5,6,4.55,320,"1,500.00",12.8,540,5.6,1.05,10.35,2.5,39.9,113,17.65,2.9,97,26.75,26.5,78,18.05,240,25,36,29.25,2.6,6.95,23.25,26.5,3.75,14,32,170,3.3,207.03,"3,784.91","4,310.72",163.94
20/09/2017,10.45,13.35,180,800,101,14.95,5.7,12.95,21.5,5.7,16.55,76,41,4.2,182,252,23.25,39.75,2.35,11.95,4.95,1.05,11,129,480,80,42.75,9.25,16.55,20,10.4,5.5,6,4.65,330,"1,500.00",12.8,540,5.25,1.1,10.45,2.5,40.45,113,17.15,2.9,97,29.25,25.75,78,18.05,239.75,25.25,36,29.25,2.7,6.95,23,26.5,3.6,13.95,32,170,3.3,207.93,"3,783.69","4,329.00",164.78
21/09/2017,10.45,12.65,180,800,101,14.95,5.9,12.75,21.5,5.6,16.75,76,41.05,4.1,182,247,23.25,39.75,2.5,11.9,4.9,1,10.95,128.75,480,80,43,9.2,16.5,20.45,10.3,5.5,6,4.65,330,"1,500.00",13.05,540,5.35,1.1,10,2.25,40,113,17.6,3.15,97,29.25,25.5,78.5,18.05,240.25,25.75,36,29.75,2.7,6.6,23.25,26,3.75,13.95,32,170,3.3,208.44,"3,777.09","4,329.00",166.02
22/09/2017,10.4,12.2,185,800,101,14.95,5.75,12.75,21.5,5.6,16.95,76,41.25,4.15,184,248,24.75,39.5,2.4,11.35,4.9,1.05,10.9,125.75,480,74,43,8.95,16.55,21.7,10.25,5.5,6,4.65,330,"1,500.00",13.4,540,5.45,1.05,10.2,2.25,39.6,110,17.5,3.05,97,29.25,26.25,79.5,17.45,238.75,25.75,36,29.5,2.7,6.6,23.25,26,3.75,13.95,30.5,170,3.3,208.11,"3,764.44","4,339.96",165.91
25/09/2017,10.35,11.75,185,800,101,14.95,5.55,12.9,21.5,5.45,17,76,41.4,4.2,185,250,25,39,2.45,11.2,4.9,1.05,10.7,129,480,74,42.5,8.9,16.55,20.55,10.35,5.5,6,4.65,330,"1,500.00",13,540,5.5,1.05,10,2.4,39.45,110,18.25,3.1,97,29.25,25.5,79.5,18.1,238,25.75,39,29.5,2.7,6.5,23.5,25,3.65,13.5,31.25,170,3.3,207.59,"3,750.35","4,335.54",165.72
26/09/2017,10.3,11.1,180,800,101,14.95,5.5,12.85,21.5,5.45,16.9,76,41.5,4.2,185,249,25,39.25,2.4,11.1,4.95,1.1,10.55,129.75,480,74,41.75,8.85,16.55,20,10.35,5.5,6,4.6,330,"1,500.00",12.85,540,5.5,1.05,10,2.35,39.2,109,18.55,3.2,97,29.25,26.5,79.5,17.5,238.75,26,38.75,29.5,2.7,7,23,26.75,3.6,13.5,30,170,3.3,207.21,"3,733.04","4,331.65",166.02
27/09/2017,10.25,11.6,182,800,101,14.9,5.4,12.85,21.5,5.45,16.95,76,41.95,4,185,250,25,39,2.4,11.3,5.05,1.1,10.55,129.5,479,74,41.5,8.7,16.45,20,10.35,5.5,6,4.6,330,"1,500.00",12.8,540,5.45,1.1,9.8,2.4,38.95,108,18.65,3.2,97,28.75,26,79.5,17.6,226,25.75,38.75,28,2.7,7,23,26,3.5,14.4,30.25,172,3.3,206.45,"3,729.84","4,315.92",165.01
28/09/2017,10.1,12.75,182,800,101,15.1,5.2,12.5,21.5,5.45,16.9,76,40.45,4.05,183,250,25,39,2.4,10.8,5,1.1,10.55,129.75,479,74,41.25,8.55,16.3,19.7,10,5.5,6,4.65,330,"1,500.00",12.5,540,5.45,1.1,9.4,2.35,38.85,109,18.8,3.1,97,26,25.25,79,17.65,229.5,25.25,38.75,28,2.7,6.7,23,25.75,3.25,14.4,29,185,3.3,204.43,"3,716.72","4,286.95",163.38
29/09/2017,10.1,13.95,180,804,101,15,4.8,12.7,21.5,5.35,17.05,76,41,4.05,185,250,25,38.75,2.3,10.95,5.15,1.05,10.45,130,475,81,41,8.65,16,20,9.95,5.5,6,4.8,330,"1,500.00",13,540,5.25,1.05,9.85,2.5,38.65,111,18.8,3,97,26,26.5,79,18.7,231,24.75,38.5,28,2.7,6.7,22.5,26.75,3.15,14,29.25,185,3.3,203.91,"3,751.46","4,272.27",162.21
02/10/2017,10.1,14.4,180,800,101,15,4.8,12.9,21.5,5.3,16.9,76,41,3.9,185,250,25,38.75,2.4,10.6,5,1.1,10.55,129.75,475,81,41,8.6,16,19.7,9.85,5.5,6,4.75,330,"1,500.00",12.5,540,5.4,1.05,9.85,2.4,38.5,110,18.9,3.05,97,26,24.25,79,19.05,225,24.5,36,29.5,2.7,6.7,22,25.5,3.05,14,29.5,185,3.3,203.19,"3,732.16","4,257.04",161.17
04/10/2017,10.25,12.7,180,800,101,15.05,5.1,12.8,19.5,5.25,16.7,76,40.9,4,186,249,25,37,2.3,11.5,4.9,1.05,10.5,126,476,74,40.5,8.65,16.1,19.6,9.85,5.5,6,4.6,330,"1,500.00",12.5,540,5.1,1.05,9.4,2.25,38.45,111,18.8,3,97,26,24,78,18.3,225.25,25,35,29,2.5,6.7,22,25.5,3.3,13.5,31.5,168,3.05,202.33,"3,691.87","4,233.89",161.56
05/10/2017,10.15,13.2,180,800,101,15.15,5.25,12.7,19.5,5.3,16.65,76,40.7,4.15,186,250,25,36.75,2.25,11.2,4.85,1.1,10.6,126,476,74,40.25,8.65,16.05,20.1,9.9,5.5,6,4.7,345,"1,500.00",12.5,540,5.1,1.05,9.5,2.25,38,110,18.65,3.1,97,26,25,78.5,18.1,226,24.75,38.5,29,2.5,6.1,22,25.5,3.45,13.5,31.5,168,3.1,201.9,"3,702.51","4,224.03",160.97
06/10/2017,10.15,13,175,800,95,15.2,5.5,12.9,17.75,5.3,16.65,76,40.55,4.05,185,248,25,36.75,2.15,11.4,5,1.1,10.7,126,478,74,40,8.7,15.95,19.75,9.95,5.5,6,4.75,345,"1,500.00",12.5,540,5.15,1.05,9.85,2.1,37.85,110,18.65,3.2,97,26,25,79.5,18.05,226,24.75,38.5,29,2.7,6.7,22.5,26.25,3.5,13.5,30,168,3.35,201.55,"3,693.22","4,212.63",160.71
09/10/2017,10.1,13,177,800,95,15.2,5.4,12.85,17.75,5.45,16.5,76,40.35,3.95,185,245,25,36,2.15,10.7,4.95,1.1,10.85,126,478,74,39.5,8.95,15.85,19.7,9.9,5.5,6,4.75,345,"1,500.00",12.45,540,5.15,1.05,9.55,2,38.15,110,18.5,3.4,97,26,26.75,80,18.55,226,25,38.5,29.25,2.7,6.25,23,26.25,3.5,13.5,31,177,3.2,200.77,"3,712.37","4,195.88",161.03
10/10/2017,9.95,13.25,176,800,100,15,5.6,12.75,16,5.4,16.5,76,40.95,3.95,185,246,22.5,36.5,2.25,10.55,4.9,1.1,10.7,125,476,80,39,9.05,15.4,19.75,9.9,5.5,6,4.7,345,"1,500.00",12.2,540,5.5,1,9.8,2,37.4,110,18.65,3.4,97,24.5,26.75,77,18.3,227,25,38.5,29,2.7,6,23,26.25,3.45,13.5,31,164,3.2,200.38,"3,696.77","4,187.46",160.85
11/10/2017,9.6,13,176,809,100,14.8,5.3,12.7,17.6,5.3,16.5,76,40.15,3.95,183,245,22.5,35.75,2.25,10.7,4.9,1.1,10.8,121.5,475,80,37.75,8.9,15,19.65,9.75,5.5,6,4.75,323,"1,500.00",12.2,540,5.45,1.05,9.85,1.8,37,110,18.65,3.35,97,24.5,25,77,18.35,227,25,38.5,29,2.7,6.4,22.75,27,3.45,13,32,150,3.45,197.62,"3,644.80","4,143.75",159.78
12/10/2017,9.7,13,179,807,100,14.4,5.2,12.7,17.6,5.3,16.5,76,39.4,3.95,182,250,22.5,35.5,2.2,10.6,4.85,1.1,10.9,121,477,80,37.5,8.7,14.45,19.7,9.8,5.5,6,4.7,323,"1,500.00",12.5,540,5.4,1.05,9.85,1.7,36.2,109,18.7,3.2,97,24.5,26.5,79.5,17.8,225.5,24.75,37.25,29,2.7,6.4,22.75,25,3.45,13,31.75,158,3.5,196.82,"3,640.14","4,137.49",159.1
13/10/2017,9.5,13,179,807,100,14.1,5.4,12.8,19.35,5.35,16.5,76,39.55,3.95,179,241,24,36,2.2,10.35,4.85,1.1,10.8,122.25,478,80,37,8.7,14.5,19.7,9.75,5.5,6,4.6,323,"1,500.00",12.5,540,5.35,1.05,10,1.75,36.45,110,19,3.2,97,24.5,26.25,79.5,17.95,226,24.75,36.25,29,2.6,6.4,23.5,26.5,3.4,13,31.5,158,3.75,195.48,"3,626.62","4,121.96",159.25
16/10/2017,9.45,13,179,800,100,14.15,5.4,12.45,20,5.3,16.5,76,39.95,3.9,180,241,24,36,2.2,10.4,4.85,1.1,10.75,125,476,80,37,8.7,14.8,19.65,9.7,5.5,6,4.7,323,"1,500.00",12.5,540,5.3,1,10,1.7,36,108,18.9,3.2,97,24.5,26,79,17.95,226,24.75,36.25,29,2.45,6.5,22.75,26.25,3.15,12.55,30,158,4,195.45,"3,623.76","4,116.47",158.52
17/10/2017,9.05,13,175,800,103,14.15,5.45,12.45,20,5.25,16.3,76,39.9,3.6,179,240,24,36,2.2,10.25,4.6,1.1,10.8,125,476,80,37,8.75,14.9,19.7,9.45,5.5,6,4.65,323,"1,500.00",12.45,540,5.25,1.05,10,1.65,37.45,109,18.9,3,97,24.5,25.5,79,17.95,226.75,24.5,36,29,2.5,6.25,23.25,26,3.4,12.15,29,158,3.6,194.09,"3,597.85","4,093.28",157.44
18/10/2017,9.15,13,175,790,101,13.95,5.5,12.95,20,5.25,16.3,76,39.7,3.9,179,242,24,36.25,2.2,10.35,4.7,1.1,10.8,124,477,80,36.5,8.65,14.6,19.75,9.45,5.5,6,4.7,325,"1,500.00",12.4,540,5.25,1.05,9.9,1.6,37.45,109,19.25,3.2,97,24.5,27.25,78,17.65,225.25,24.25,36,29,2.7,6.5,22,26.5,3.4,12.45,29,160,3.6,193.32,"3,591.62","4,080.25",156.66
19/10/2017,9,13.25,175,750,101,13.75,5.45,12.85,20,5,16.1,76,38.8,3.75,179,240,24,36.25,2.2,10.35,4.75,1.1,10.55,124,481,80,36.5,8,14.6,19.8,9.5,5.5,6,4.8,325,"1,500.00",12.2,540,5.05,1.05,9.7,1.6,37.05,109,18.6,3,97,24.5,26,79,17.5,216.25,24,36,27,2.7,6.6,22,26.5,3.2,13,29,162,3.6,190.99,"3,543.99","4,048.00",154.93
23/10/2017,9,13.9,180,752,101,13.2,5.4,12.9,22,5,15.85,76,38.6,3.75,175,244,24,36.25,2.2,10.45,4.75,1.1,10.85,124,490,75,36.75,8.2,14.5,19.9,9.6,5.5,6,4.85,325,"1,500.00",12.2,540,5.1,1.05,9.6,1.5,36.95,107,18.55,3,97,24.5,25,78,17.5,223.25,24.25,36,27,2.5,6.6,20.75,27.5,3.2,13,30.25,162,3.3,191.71,"3,541.56","4,063.25",156.07
24/10/2017,9,14.9,176,770,101,13.5,5.4,12.95,22,5.05,15.9,76,39.5,3.8,175,247,24,36.5,2.2,10.4,4.75,1.1,10.7,124,494,80,38.25,8.35,14.85,19.95,9.9,5.5,6,4.9,330,"1,500.00",12.15,540,5.45,1.05,9.7,1.5,36.95,109,18.8,3.2,97,24.5,26,79,17.5,216,24.75,36,27,2.7,6.3,20.75,28,3.2,12,31.25,166,3.3,194.84,"3,602.56","4,116.56",158.11
27/10/2017,9.15,14.9,176,755,101,13.95,5.5,13,22,5.5,16.1,76,39.8,3.8,178,245,24,36.25,2.25,10.35,4.75,1.1,11.1,124,494,80,38.5,8.7,14.8,19.95,10.05,5.5,6,5.05,330,"1,500.00",12,540,5.65,1.1,9.1,1.65,38.1,110,19.1,3.25,97,24.5,26,79,18,215,25.25,35,27,2.85,6.3,20.75,28,3.4,12.05,31.25,172,3.25,197.1,"3,648.31","4,144.82",159.87
30/10/2017,9.4,14.95,176,755,102,14.5,5.55,13,22,5.6,16,80,39.95,3.7,178,245,24,36.5,2.25,10.35,4.9,1.15,11.1,124,445,80,38.25,8.7,14.95,20,10.5,5.5,6,5.35,330,"1,500.00",12.15,540,5.65,1.1,9,1.8,38.05,113,18.95,3.1,97,24.5,26,77,18,217.75,25.25,35,27,2.7,6.65,21.5,28,3.55,13.25,31,160,3.25,198.25,"3,674.84","4,155.83",160.11
31/10/2017,9.95,14.95,176,800,102,14.5,5.65,13,22,5.9,15.95,80,39.25,3.4,179,244,24,38,2.25,10.25,4.85,1.15,11.35,124,445,80,38,8.75,14.8,20,10.9,5.5,6,5.7,330,"1,500.00",12.15,540,5.8,1.1,9.8,1.9,37.5,114,19,3.25,97,24.5,26.75,79.5,18.05,220,25.5,36,27,2.9,6.2,21,28,3.6,14.5,31,160,3.25,200.13,"3,729.62","4,202.23",161.99
01/11/2017,9.95,15,177,800,102,14.8,5.7,13,24,5.75,16,80,40.05,3.4,180,244,24,40.75,2.3,10.3,4.85,1.2,11.9,124,445,74,39.25,8.85,14.8,20.2,10.9,5.5,6,5.9,330,"1,500.00",12.2,540,5.8,1.1,10.2,2.1,37.85,114,19,3.25,97,23.75,26.75,80,17.95,222,25.75,35,29,2.9,6.1,21,29.5,3.55,14.55,30,165,3.25,203.35,"3,759.67","4,268.73",163.96
02/11/2017,10.05,14.95,179,800,102,14.65,5.75,13,23,5.75,16.3,80,41.25,3.7,181,245,24,40.75,2.2,10.3,5,1.15,11.95,124,445,74,41,8.95,14.95,21.4,10.75,5.5,6,6,324,"1,500.00",12.1,540,5.8,1.1,10.2,2.25,38.05,116,19,3.3,97,24.5,26,80.5,18,224.5,25.25,37,29,2.75,6.65,22.25,29.5,3.3,14.55,30,165,3.25,205.1,"3,776.83","4,282.91",163.48
03/11/2017,10.15,14.55,179,800,100,14.75,5.6,13,23,5.65,16.7,77,40.9,3.7,184,245,24,40.25,2.4,10.2,5,1.1,12.1,124,458,79,41.5,9,14.95,20.5,10.8,5.5,6,6.15,324,"1,500.00",12,540,5.8,1.15,10,2.45,38.45,118,19.7,3.2,97,24.5,26.75,80.5,19,225,25.5,37,29,2.9,6.6,23.75,29.75,3.55,14.1,31.5,165,3.25,206.43,"3,800.43","4,302.61",171.15
06/11/2017,10.15,14.7,178,800,100,14.7,5.75,13,23,5.6,16.5,77,42.15,3.65,185,244,24,40,2.4,10.3,5,1.15,12.25,124,487,79,41.25,8.95,15,20.55,10.8,5.5,6,5.9,324,"1,500.00",11.9,540,5.95,1.15,10,2.6,38.1,117,19.6,3.4,97,24,26.75,82,19,226.5,25,33.5,29,3,6.15,24,30.25,3.4,14.1,31,165,3.25,205.35,"3,797.96","4,278.63",163.09
07/11/2017,10.15,14.75,177,800,100,14.7,5.7,12.95,23,5.55,16.4,77,42.25,3.6,186,244,24,40,2.4,10.05,5,1.15,12,120,487,78,40.75,8.9,15.05,20.5,10.7,5.5,6,5.75,324,"1,500.00",11.9,540,5.8,1.1,10,2.6,38.1,117,19.4,3.2,97,24,27.75,81.5,18.6,226.75,24.5,35,29.75,2.95,6.35,24.25,28.25,3.55,14.1,30.5,165,3.25,203.91,"3,788.84","4,243.40",161.34
08/11/2017,10.1,14.45,180,800,110,14,5.7,13,23,5.7,16.35,77,43.15,3.7,187,244,24,40.25,2.35,10,4.95,1.1,12,120,487,79,40.75,8.7,15,20.2,10.75,5.5,6,5.9,345,"1,500.00",11.8,540,5.95,1.1,9.95,2.6,38.45,117,19.55,3.2,97,24,26,81.5,18.1,228,24.75,35.5,29,2.9,6.35,24.25,28,3.5,13.55,31.5,164,3.25,203.9,"3,768.38","4,253.62",161.99
09/11/2017,10,14.35,179,800,103,14.25,5.8,13,23,5.7,16.35,77,42.6,3.65,188,245,24,40,2.25,10,4.9,1.15,12.05,120,471,74,41,8.45,15.25,20.05,10.8,5,6,5.8,345,"1,500.00",11.95,540,5.6,1.1,10.4,2.75,38.15,116,19.6,3.1,97,26.25,26,80,18.2,227,24.75,37.5,28.75,2.9,6.35,24.25,28,3.55,13.5,31.5,167,3.25,203.66,"3,762.11","4,250.97",161.76
10/11/2017,9.95,14.3,179,800,103,14.2,5.8,13.15,25.25,5.6,16.25,77,42.6,3.7,189,244,24,40,2.35,9.5,4.85,1.1,12.4,120,494,71,40.5,8.45,14.95,20,10.8,5,6,5.65,345,"1,500.00",12,540,5.95,1.1,10.9,2.65,38,116,19.7,3.1,97,24,26.5,80,18.2,227.25,24.5,37.5,28.75,3,6.3,24.25,28,3.5,13.5,31.25,166,3.25,202.46,"3,752.15","4,232.01",160.97
13/11/2017,9.95,14.05,180,800,103,14.4,5.8,13.1,25.25,5.5,16.2,79,42.25,3.6,189,240,24,39.5,2.25,10.3,4.9,1.1,12.2,120,494,70,39.75,8.4,14.95,20,10.75,5,6,5.55,345,"1,500.00",12,540,5.95,1.1,10.05,2.6,38,115,19.65,3.05,97,24,26.25,78.5,19.85,226.75,24.5,37.5,26.75,2.8,6.45,24.25,28,3.35,13.5,30.5,166,3.25,201.03,"3,746.69","4,206.75",160.34
14/11/2017,9.95,13.7,180,800,103,14.45,5.7,13.05,25.25,5.35,16,76,42.05,3.7,191,241,24,39,2.35,10,4.95,1.1,12.2,120,495,70,39.5,8.35,14.95,19.85,10.75,5,6,5.3,344,"1,500.00",11.95,540,5.95,1.1,9.8,2.75,37.9,115,19.55,3.1,95,24,26,79.5,18.5,227,24.5,37.5,27,3,6.3,24,26,3.35,13.5,30,165,3.25,200.07,"3,719.17","4,195.62",160.01
15/11/2017,9.95,13.5,181,800,108,14.5,5.7,13.05,25.25,5.35,16.1,76,42.6,3.7,191,240,24,39.75,2.35,10,4.95,1.15,12.2,120,494,70,40.5,8.35,14.9,19.95,10.55,5,6,5.3,344,"1,500.00",12,540,5.95,1.1,9.75,2.85,37.7,116,19.55,3,95,24,25.5,79.5,18.75,220.5,25,37.5,27,2.95,6.3,22.5,26.5,3.45,13.5,31.5,165,3.25,201.7,"3,728.16","4,234.93",161.64
16/11/2017,9.9,13.6,180,800,108,14.5,5.7,13.4,25.25,5.5,16,76,42,3.65,190,240,24,40.25,2.35,10.2,4.95,1.15,12.15,120,494,70,40.75,8.55,14.9,19.7,10.75,5,6,5.3,344,"1,500.00",12,540,5.85,1.1,9.55,2.85,36.55,114,19.5,3,95,24,25.5,79.5,18.9,220,25.25,37.5,27,2.85,6.55,24.25,26.5,3.5,13.75,31.75,162,3.25,202.63,"3,743.10","4,245.93",162.5
17/11/2017,9.8,13.25,182,798,108,14.45,5.7,13.95,23,5.55,16,76,42.15,3.65,187,237,25,40.75,2.4,10.6,4.9,1.15,12.2,120,494,71,41,8.6,14.9,19.9,10.75,5,6,5.3,344,"1,500.00",12.5,540,5.9,1.15,10.05,3.05,36.45,113,19.6,3.3,94.5,25,25,80,18.55,218,25.5,37,27,2.9,6.55,24.25,27.75,3.6,13.75,31.75,163,3.25,202.99,"3,730.15","4,251.32",163.13
20/11/2017,9.8,13.45,182,798,107,14.55,5.65,14,23,6,16.2,76,42,3.7,190,237,25.5,42,2.25,10.65,4.9,1.2,12.5,120,494,71,42.25,8.75,14.95,20.45,10.75,5,6,5.3,344,"1,500.00",12.85,540,5.85,1.15,9.75,3.4,36.55,114,20.15,3.5,94.5,25,26.75,79.5,18.25,219.75,25.75,37,27,2.95,6.95,25.25,28,3.6,14,32,166,3.25,205.44,"3,779.16","4,296.32",164.82
21/11/2017,9.95,13.95,180,780,107,15,5.75,14,23,5.9,16.95,76,42.25,3.7,190,238,25,42.5,2.4,10.55,4.9,1.1,12.7,124,455,71,43.25,8.85,14.95,20.4,10.75,5,6,5.3,344,"1,500.00",13,500,5.45,1.15,10.1,3.5,37.1,116,20.05,3.3,94.5,25,27,79.5,18.25,220,26.75,37,27,2.9,6.8,25.75,28,3.65,14,32.75,166,3.25,209.55,"3,817.77","4,378.65",168.27
22/11/2017,9.95,13.5,180,780,107,14.8,5.7,14.15,23,6,16.9,77,42.15,3.65,193,238,25,43.25,2.35,11.25,4.85,1.15,12.6,126,467,76,43.75,8.9,14.95,20.5,10.65,5,6,5.3,344,"1,500.00",13.3,500,5.75,1.15,10.2,3.45,36.8,116,20,3.3,94.5,25,26.5,79.5,19.75,220,28,37,27.25,3.05,6.8,26.5,28,3.6,14,33,165,3.5,211.58,"3,839.46","4,445.28",172.17
23/11/2017,9.95,13.85,180,780,107,14.95,5.8,14.1,23,5.95,16.5,76,42.35,3.65,190,241,25,43,2.35,11.2,4.9,1.2,12.85,126,490,76,43.25,9,15.1,20.5,10.65,5,6,5.3,350,"1,500.00",13.9,500,5.7,1.15,10.5,3.5,36.65,115,20,3.35,94.5,27.5,26.5,79.5,19.4,219.25,26.5,33.75,27,3,6.55,25.75,28,3.6,12.7,32.75,168,3.8,209.46,"3,826.76","4,380.00",167.7
24/11/2017,9.9,13.8,183,800,107,15,5.65,13.95,23,5.9,16.2,76,43.1,3.65,190,239,25,43,2.4,11.2,4.9,1.25,12.7,126,490,76,42.75,9.05,14.95,20.35,10.55,5,6,5.3,350,"1,500.00",13.65,500,5.75,1.15,10.5,3.5,36.8,115,20,3.35,94.5,27.5,26.5,81.5,18.5,219.5,26.75,33.5,27.75,3,6.5,26,26.5,3.55,12.7,32.5,166,4,208.65,"3,833.00","4,390.30",168.43
27/11/2017,9.95,13.95,185,800,108,15,5.75,13.9,23,5.95,16.15,76,43.1,3.65,190,241,25,43,2.4,11.25,4.9,1.3,12.45,128,494,76,42,9.05,14.95,21.5,10.75,5,6,5.3,350,"1,500.00",13.9,500,5.95,1.15,10.5,3.2,39.35,115,20.4,3.45,94.5,30.25,26,81.5,17.45,219.75,27.5,33.5,27,2.95,6.85,25,28,3.7,12.7,32.5,166,3.8,209.51,"3,820.74","4,419.68",170.8
29/11/2017,9.9,13.9,185,800,108,15,5.95,13.85,23,6,16.2,79.5,43.85,3.5,190,239,25,43,2.4,11.05,4.9,1.3,11.9,128,457,76,41.75,8.9,14.95,20.85,10.7,5,6,10.35,350,"1,500.00",13.65,500,5.85,1.15,10.25,3.25,39,115,20.8,3.3,94.5,30.25,26.25,82,18,219,27.5,33.5,28,2.7,6.85,25.25,28,3.8,12.75,32.5,168,3.7,211.51,"3,825.47","4,410.91",172.73
30/11/2017,9.85,13.8,182,800,108,15.05,5.75,13.1,23,5.9,16.3,79.5,43.55,3.5,194,240,25,42.75,2.35,11.05,4.85,1.35,11.4,128,458,76,41.25,8.75,14.95,20.5,10.7,5,6,11.35,350,"1,500.00",13.9,500,5.9,1.1,10.3,3.35,37.05,115,20.95,3.15,94.5,30.25,24.5,82,18,219,27.5,36.25,30,2.7,6.85,25.75,28,4,12.75,32.5,165,3.7,211.35,"3,804.69","4,402.49",172.92
01/12/2017,9.85,13.55,184,800,108,15.15,5.75,13,23,5.9,16.3,78,43.95,3.65,194,241,25,42.25,2.25,10.75,4.9,1.4,11.45,123,470,76,40.75,8.75,14.95,20.35,9.95,5,6,12.45,350,"1,500.00",13.8,500,5.9,1.1,10.1,3.15,37.35,115,21,3.2,94.5,33,26.25,82,19,215,27.5,36.75,30,2.75,6.8,25.5,29,4,12.7,33,166,3.75,210.97,"3,815.61","4,397.04",173.08
04/12/2017,9.9,13.55,180,800,108,15.15,5.7,13,23,5.6,16.15,78,43.95,3.6,194,240,25,42.25,2.3,10.85,4.85,1.55,11.4,123,470,76,41,8.75,14.85,20.55,10.1,5,6,13.65,350,"1,500.00",13.75,500,5.95,1.15,10,3.15,36.95,116,21,3.1,94.5,33,25.75,84.5,18.5,219,27.5,35,28.75,2.85,6.8,25,29,4.1,12.7,33,166,3.75,211.52,"3,803.78","4,396.65",173.61
05/12/2017,9.9,13.55,180,796,108,14.95,5.8,13,23,5.65,16,76,44,3.3,190,241,25,41.75,2.4,10.8,4.7,1.45,11.45,122.75,479,76,41.25,8.65,14.95,20.85,9.95,5,6,15,350,"1,500.00",13.8,500,5.7,1.15,10.1,3.1,36.8,115,21,3.1,94.5,33,25.5,82,18.75,219,27.25,35,30,2.8,6.2,26.25,30,4.3,12.6,33,166,3.75,211.56,"3,769.34","4,363.88",173.3
06/12/2017,9.85,13.05,180,799,108,14.9,5.7,12.95,23,5.55,16,75,44.2,3.3,190,244,27.5,40.75,2.3,10.8,5,1.35,11.4,122.75,470,76,42,8.5,14.95,20.25,9.9,5,6,16.5,350,"1,500.00",13.5,500,5.35,1.15,10.05,3,36.75,115,21.25,3.1,94.5,33.25,25.75,82,18.3,212.75,27.25,35,30,2.8,6.2,24.75,30,4.05,12.6,33,166,3.75,212.24,"3,751.10","4,358.68",173.63
07/12/2017,9.9,12.95,178,796,108,14.85,5.7,12.8,23,5.55,16,76,44.15,3.5,190,243,27.5,40.5,2.3,10.75,4.95,1.25,11.35,122,470,76,42.25,8.55,14.9,20.15,9.7,5,6,17.4,350,"1,500.00",13.3,500,5.6,1.15,10.15,2.85,36.2,118,21.45,3.1,94.5,33.25,26.25,82,18.15,211,27.75,33.25,30,2.8,6.2,24.25,30,3.7,12.6,33,166,3.75,213.07,"3,752.17","4,367.88",175.08
08/12/2017,9.8,12.5,178,796,108,14.85,5.7,12.95,23,5.55,16,76,44.15,3.75,192,243,27.25,41,2.3,10.5,5,1.25,11.25,122,469,72,42.25,8.5,14.5,20.35,9.55,5,6,17.45,350,"1,500.00",12.4,500,5.55,1.1,9.75,2.7,36,119,21.5,3.1,94.5,33.25,25.75,82,19.6,211,27.75,33.25,30,2.75,6.2,24.25,30.5,3.4,13.8,32.75,166,3.75,212.72,"3,750.53","4,373.00",175.27
11/12/2017,9.9,12,180,797,108,14.55,5.75,12.95,23,5.5,16,76,44.25,3.5,190,249,27.25,40.75,2.35,10.75,4.95,1.25,11.15,122,470,72,42,8.55,14.7,20.15,9.45,5,6,17.6,350,"1,500.00",12.2,500,5.1,1.1,10.2,2.8,35.75,116,22.05,3.1,94,33.25,25.75,82,18.5,210.25,27.75,36,30,2.75,6.8,24.25,30.25,3.5,12.6,32.75,165,3.75,213.62,"3,731.79","4,388.24",176
13/12/2017,9.85,11.5,178,797,107,14.1,5.7,12.6,23,5.6,16,76,44.45,3.35,191,243,27.25,40.25,2.3,10.55,4.9,1.3,10.95,122,470,71.5,42,8.55,14.25,20,9.45,5,6,17.75,327,"1,500.00",12.1,500,5.5,1.1,9.9,2.85,35.65,118,21.4,3,94,33.25,27,82,17.95,210,27.5,35,28.75,2.7,6.25,24.75,30,3.5,13.8,30,160,3.75,211.73,"3,735.79","4,389.24",176.5
14/12/2017,9.85,11.6,180,796,107,14,5.8,12.5,21,5.75,16,76,44.2,3.5,190,244,25,40.25,2.35,10.95,4.9,1.3,10.6,124.25,470,71,42.25,8.65,14.25,20,9.45,5,6,17.85,327,"1,500.00",12.1,500,5.5,1.1,9.45,2.85,35.75,118,21.3,3.15,97,33.25,26,82.5,17.65,203,27,37.5,28.75,2.9,6.8,25.25,30,3.8,13.5,30.5,160,3.75,211.41,"3,706.37","4,326.82",172.88
15/12/2017,9.8,11.8,178,799,107,14,5.7,12.5,21,5.8,16,76,44.25,3.65,191,244,25,40.25,2.35,10.7,4.9,1.35,10.75,120,470,70.5,42,8.7,14.05,20,9.4,5,6,18,327,"1,500.00",12.9,500,5.4,1.1,9.6,3.1,35.6,117,20.25,3.15,97,33.25,27,82,17.4,206,26.5,33.75,28.75,2.9,6.65,25.25,30,4.15,13.5,30,160,3.75,211.01,"3,707.76","4,306.91",172.15
18/12/2017,9.8,11.95,179,775,107,14,5.7,11.7,21,5.55,16,76,44.1,3.65,191,245,25.25,40,2.45,10.4,4.8,1.35,10.95,125,470,70,41.5,8.65,14,19.95,9.3,5,6,18.45,327,"1,500.00",12.9,500,5.1,1.1,9.6,3.1,35.35,114,20.05,3.2,97,30,28,82.5,17.35,206,26.25,33.75,28.75,2.7,6.8,25,30.25,4.5,12.6,30,160,3.75,209.57,"3,690.50","4,284.66",170.59
19/12/2017,9.75,12,180,790,107,13.7,5.7,12.7,21,5.6,16,76,44.45,3.65,192,243,25,39.75,2.4,10.15,4.8,1.3,10.95,127,494,70,42.25,8.65,14,20,9.25,5,6,18.2,327,"1,500.00",12.9,500,5.4,1.1,9.8,3.1,34.65,115,20,3,97,27,28.5,82,17.4,207,26,36.5,27.25,2.7,6.65,24.25,32.5,4.55,12.6,29.5,160,3.75,209.34,"3,696.13","4,279.60",170.16
20/12/2017,9.7,12.05,180,795,107,13.3,5.8,12.7,21,5.6,16.2,76,44.8,3.3,192,242,25,40.25,2.4,10.3,4.8,1.35,10.9,127,470,70,42.5,8.55,14,19.55,9.25,5,6,18,329,"1,500.00",12.9,500,5.45,1.15,9.55,3.2,34.05,117,19.45,3.2,97,27,28.25,82,17.3,206,26,36.5,27,2.7,6,24.25,32.5,4.6,12.6,27.25,160,3.75,209.69,"3,696.15","4,284.38",169.99
21/12/2017,9.75,12.05,178,795,107,13.4,5.65,12,21,5.7,16,76,44.65,3.3,193,243,25.25,40.25,2.4,10.95,4.8,1.35,10.85,127,470,70,42.75,8.6,13.7,19.6,9.2,5,6,18.05,329,"1,500.00",12.5,500,5.45,1.15,9.5,3.25,33.85,117,19.95,3.3,97,24.75,27.75,82,17.45,207,26.5,34,27,2.65,6.45,23.5,34.5,4.5,12.8,28,158,3.75,210.44,"3,695.41","4,302.57",171.36
22/12/2017,9.75,12.1,180,780,107,13.75,5.7,12.55,21,5.8,15.9,76,44.5,3.3,193,244,25.25,40.25,2.35,10.65,4.75,1.35,10.75,127,495,70,42.75,8.65,13.95,19.7,9.25,5,6,17.9,329,"1,500.00",12.5,500,5.5,1.1,9.4,3.3,34,117,20.8,3.5,97,27,29.25,82,17.4,207,26.25,37,27.75,2.9,6.5,23.25,32.25,4.5,12.8,29.75,160,3.75,210.82,"3,719.38","4,307.40",171.62
27/12/2017,9.7,12.55,180,780,107,13.9,5.6,12.95,21,5.65,15.8,76,44.65,3.3,192,231,25.25,39,2.4,10.65,4.85,1.3,10.65,127,495,70,42.75,8.65,14,19.75,9.25,5,6,18.25,329,"1,500.00",12.5,500,5.45,1.1,9.1,3.55,33.8,116,19.55,3.5,97,27,29.25,81,19,207.5,26.25,37,27.75,2.9,6.05,23,32.25,4.55,13.4,29.75,160,3.75,207.63,"3,714.15","4,243.88",170
28/12/2017,9.65,12.55,180,780,107,13.3,5.7,12.8,21,5.55,15.95,76,44.4,3.4,192,233,25.25,38.75,2.5,10.3,4.7,1.35,10.55,127,495,70,42.75,8.6,14.05,19.55,9.15,5,6,17.7,329,"1,500.00",12.5,500,5.3,1.1,9.45,3.5,33.75,116,19.15,3.55,97,27,31.25,81,19,207.75,26.25,37,27.75,2.9,6.05,24,32.25,4.5,12.45,29.75,160,3.75,207.21,"3,711.64","4,242.38",169.64
29/12/2017,9.6,13,180,760,107,13.35,5.45,12.1,21,5.6,15.95,80,43.9,3.5,192,238,22.75,39.75,2.4,10.7,4.55,1.35,10.4,127,499,65.5,42.75,8.55,14,18.1,9.1,5,6,17.15,329,"1,500.00",12.2,500,5.35,1.1,9.35,3.35,33.95,116,19.7,3.5,97,27,29.5,81,19,208,26.75,37,27.75,2.8,6,23.5,32.5,4.6,13.4,29,159,3.75,209.04,"3,711.94","4,283.38",171.2
