Date,ABSA,ARM,BAMB,BAT,BOC,BRIT,CABL,CARB,CGEN,CIC,COOP,CRWN,CTUM,DTK,EABL,EGAD,EQTY,EVRD,HFCK,JUB,KAPC,KCB,KEGN,KENO,KNRE,KPLC,KPLC-P4,KPLC-P7,KQ,KUKZ,LBTY,LIMT,LKL,MSC,NBK,NCBA,NMG,OCH,ORCH,PORT,SASN,SBIC,SCAN,SCBK,SCOM,SGL,SLAM,SMER,TCL,TOTL,TPSE,UCHM,UMME,UNGA,WTK,XPRS,^FNK15,^FNK25,^N20I,^NASI
2013-01-02,15.7,44.6,190,493,99.5,6.05,11.75,120,24,3.5,12.75,42.5,12.2,118,267,25,23.75,2,15.45,175,118,30.25,8.9,13.55,10.9,17,7.65,5.5,11.3,67.5,6.75,430,10.2,4.9,17.35,39.1,225,3.7,3,39,11.9,43,67.5,236.25,5.1,22.5,40.25,4.35,23.25,13.9,39.25,19.1,,13.05,200,3.5,126.46,129.24,"4,140.43",95.55
2013-01-03,15.8,44.6,190,500,99.5,6.05,12.1,120,24,3.45,12.8,41.75,12.2,118,267,24,23.75,2,15.55,182,118,31,8.85,13.55,10.95,16.95,7.65,5.5,11.35,67.5,7,430,10.2,4.95,17.05,39.05,227,3.6,3,40,11.75,42.75,68.5,235.5,5.15,22,40.25,4.35,23.75,13.85,40,19.45,,13.15,200,3.45,126.74,129.64,"4,159.25",96.07
2013-01-04,15.75,49.75,194,502,99.5,6.05,12.05,118,24,3.4,12.9,41.75,12.55,119,274,25,24,2,15.8,180,118,31,8.85,13.55,11.1,16.95,7.65,5.5,11.25,67.5,7,430,10.2,5,17.35,40.75,229,3.65,3,40,11.9,43.5,63,236.75,5.25,22,41,4.45,24,13.9,41.75,19.45,,13.45,200,3.5,128.57,131.53,"4,191.05",97.3
2013-01-07,15.7,52,191,504,99.5,6.05,12.15,118,24,3.4,12.8,41.75,12.45,121,272,24,23.75,1.9,15.6,194,118,31,9,13.5,11.05,16.5,7.65,5.5,11.2,70,6.9,430,10.2,5,17.4,39.95,231,3.55,3,41,12,44.75,67,239,5.35,22,41,4.45,24,13.65,41,19.1,,13.6,200,3.5,128.09,131.13,"4,212.49",97.55
2013-01-08,15.7,51.5,190,505,99.5,6.05,12.2,118,24,3.45,12.75,42,12.45,120,280,24.75,24,1.95,15.85,194,118,31,8.95,13.55,11.1,16.7,7.65,5.5,11.35,72,6.8,430,10.2,5,17.45,39.95,233,3.55,3,40.25,12.1,45,68.5,241.5,5.6,22.25,41,4.55,23,13.65,42,19.1,,13.5,200,3.5,131.86,135.25,"4,247.74",98.91
2013-01-09,15.6,54.5,190,524,100,6.1,12.4,125,24,3.45,12.7,42.5,12.5,124,290,24.5,25.25,1.95,16.1,194,118,31.25,9.15,13.6,11.45,16.7,7.65,5.5,11.2,71.5,6.8,430,10.2,4.95,17.5,42.25,239,3.5,3,40.25,12.45,45,69.5,241.25,5.8,22.5,40.75,4.6,23.25,13.55,42,19.05,,13.5,200,3.15,131.61,134.84,"4,305.03",101.03
2013-01-10,15.45,55,194,525,100,6.35,12,125,24,3.65,12.75,43,12.4,122,291,24,25.75,1.95,16.3,194,118,31.75,9.45,13.7,11.45,16.8,7.65,5.5,11.35,71.5,6.95,430,10.2,4.95,17.6,41.75,242,3.55,3,40.5,12.05,46,69,242.25,5.6,24,41.25,4.55,23.75,13.65,41.75,19.1,,13.55,199,3.05,132.91,136.12,"4,319.73",101.02
2013-01-11,15.4,56,195,530,100,6.3,12.05,119,24.25,3.65,12.75,42.5,12.25,124,294,24,25.5,1.95,16.45,194,118,32.75,10.05,13.8,11.35,17,7.65,5.5,11,72,6.95,430,10.2,4.95,17.65,41.65,243,3.55,3,40,12.05,45,69,244,5.6,23.25,41.75,4.6,24,13.5,42,19,,13.65,200,3.05,133.64,136.97,"4,349.87",101.63
2013-01-14,15.5,59,195,540,100,6.25,12.1,119,25.25,3.65,12.85,42.5,12.4,125,299,24,25.75,1.95,16.85,194,118,33.25,10.8,13.75,11.5,17.2,7.65,5.5,11.05,72,6.95,430,10.2,4.9,17.45,41.9,242,3.55,3,40,12.9,45,69,249.75,5.6,23.25,41.75,4.75,24,13.9,42,19.1,,13.6,200,3.05,135.04,138.47,"4,413.97",102.76
2013-01-15,15.65,59,196,540,99,6.3,12.5,119,25,3.65,12.95,42,12.6,129,303,24,26.25,1.95,17.2,194,118,34.25,11.5,13.95,11.85,17.9,7.65,5.5,11.05,72,6.95,430,10.2,4.95,17.75,43.85,256,3.65,3,40,12.55,45,70,255.25,5.65,24,42,4.75,23.75,13.9,42,18.95,,13.65,200,3.15,137.9,141.18,"4,474.68",104.28
2013-01-16,16.15,59.5,200,540,100,6.45,13.2,119,24.25,3.8,13.35,42.5,13,131,304,24.75,27.25,1.95,18.15,194,118,34.5,12.6,13.95,12.55,18.05,7.65,5.5,11.05,70,6.95,430,10.2,5.25,18.5,44.65,264,3.7,3,42,12.85,45.25,68.5,262.75,5.75,24,42.25,4.65,24,14,42,19.1,,13.9,197,3.15,139.31,142.45,"4,553.25",106.1
2013-01-17,16.25,59,204,540,100,6.45,13.35,120,24.25,3.95,13.1,42.5,13.75,138,301,24,26.5,1.9,18.35,190,118,32.75,13.6,13.95,12.6,18.05,7.65,5.5,11,70,6.95,430,10.2,5.3,18.75,45,259,3.65,3,41,12.9,45,66,268.75,5.75,24,42.25,4.4,25.75,14.1,44,19.05,,14,200,3.25,136.78,139.99,"4,545.70",105.82
2013-01-18,16,57,205,540,99.5,6.3,13.3,120,25,3.9,13,42.5,13.45,139,295,24,25.75,1.9,17.6,190,118,32.75,13.75,13.9,12.25,17.85,7.65,5.5,10.95,70,6.9,430,11.2,5.25,19,45.05,251,3.7,3,42,12.8,45,65.5,262.25,5.75,23.75,42,4.55,27.75,14.3,43.75,19.05,,14,200,3.55,136.28,139.44,"4,500.09",104.78
2013-01-21,16.1,57.5,201,540,100,6.25,13.25,123,25,3.95,13.05,42.5,12.85,137,295,23.5,25.5,1.9,17,190,118,32.75,13.35,13.8,12.1,17.7,7.65,5.5,10.85,70,6.9,430,11.2,5.15,18.75,43.45,251,3.7,3,45,12.4,42.25,64.5,262.5,5.75,23.75,42,4.5,28,14.1,42.75,19.05,,14,200,3.5,136.18,139.44,"4,471.21",104.31
2013-01-22,16.1,56.5,201,530,95,6.3,13.3,124,25.5,4,13.05,42.5,12.95,135,294,24,26,1.9,17.25,190,118,33,13.1,13.7,11.75,17.9,7.65,5.5,10.95,70,6.95,430,11.25,5.1,18.5,44.9,256,3.7,3,45,12.4,45,63.5,259.25,5.65,24.75,42,4.4,26.75,13.85,42.75,19.1,,13.95,220,3.5,135.94,139.09,"4,461.32",104.1
2013-01-23,16.1,54,202,515,95,6.25,13.25,125,25.5,4,13,42.5,12.95,134,296,22.5,25.75,1.85,17.3,191,118,33,12.1,13.65,11.95,17.8,7.65,5.5,10.95,70,6.95,430,11.5,5,17.8,42.35,256,3.7,3,45,12.15,41.5,65,259.25,5.6,23.75,42.75,4.45,27.75,13.9,42.25,19.1,,13.65,200,3.5,134.84,138.14,"4,417.17",103.39
2013-01-24,16.1,52.5,202,519,98,6.1,13.35,125,25.5,4.05,12.85,42.5,12.95,130,294,22,25.75,1.9,17.4,187,118,32.75,11.4,13.45,11.85,17.6,7.65,5.5,10.9,70,7,430,11.5,4.95,17.5,41.9,250,3.65,3,42.5,12.45,41.75,64.5,258,5.6,23.5,42.75,4.5,27,13.85,42,19.1,,13.95,200,3.6,134.83,138.08,"4,385.00",102.45
2013-01-25,16.1,52.5,205,517,98,6.15,13.5,120,25.5,4.1,12.7,42.5,12.9,130,297,22.25,25.75,1.95,17.45,189,118,33.25,11.4,13.5,11.65,17.05,7.65,5.5,10.9,70,7,430,11,5,17.6,41.9,250,3.6,3,44,12.05,41.25,65,257.75,5.55,23,43.5,4.45,26.25,13.75,42,19.1,,14,200,3.6,135.38,138.8,"4,379.71",103.03
2013-01-28,16.1,52.5,210,517,98,6.15,13.55,120,24,4.1,12.75,42.5,13.15,124,299,22.25,26,1.95,17.5,190,118,33.5,12.2,13.55,11.8,17.25,7.65,5.5,10.85,70,6.95,430,10.15,5.05,17.55,41.8,251,3.6,3,42,12,41.5,65,259.25,5.4,23,43.5,4.55,26.25,13.45,42,19.1,,13.8,200,3.5,134.69,138.01,"4,403.38",102.95
2013-01-29,16.1,52,202,517,98,6.15,13.55,125,24,4.1,12.9,42.5,13.3,126,299,22,26.25,2.05,17.45,187,118,33.5,12.5,13.55,11.85,17.4,7.65,5.5,10.8,70,6.95,430,10.15,5.05,17.55,41.8,255,3.6,3,44,12,41.75,65,259.75,5.3,22.5,41.5,4.6,26.25,13.35,42.5,19.1,,13.9,200,3.5,135.15,138.46,"4,402.75",102.64
2013-01-30,16.1,51,203,517,98,6.25,13.25,125,24,4.05,13,42.5,13.05,125,300,22,26.25,1.95,17.5,186,113,33.5,12.15,13.6,11.85,17.85,7.65,5.5,10.85,71,7,430,10.15,5,18.25,42.05,256,3.6,3,42,12,42.25,66.5,260,5.3,22.5,42.25,4.65,25,13.6,43.25,19.1,,13.85,200,3.5,135.55,138.87,"4,412.61",102.79
2013-01-31,16.1,52,205,519,105,6.3,13.45,121,24,4.1,12.95,42.5,13.25,128,301,24,26.25,1.95,17.55,187,112,33.5,11.85,13.6,12,17.65,7.65,5.5,10.5,71,7,430,10.15,5,17.75,42.6,259,3.6,3,42.25,11.9,42.75,66.5,262.75,5.45,22,42.75,4.75,25.25,13.65,43,19.15,,13.75,200,3.5,136.44,139.73,"4,416.60",103.5
2013-02-01,16.1,51.5,203,519,105,6.5,13.4,124,22.5,4.15,13.05,42.5,13.25,129,303,24,26.5,1.9,17.55,186,118,33.5,11.75,13.65,12.05,17.7,7.65,5.5,10.65,71,6.95,430,10,5,17.75,42.5,260,3.6,3,45,11.9,44.25,67,263,5.5,23.5,42.75,4.75,24.75,14,43,19.05,,14.2,200,3.5,137.11,140.48,"4,420.79",104.09
2013-02-04,16.15,52.5,203,520,105,6.55,13.35,124,24,4.05,13,42.5,13.25,131,304,23.75,26.5,1.9,17.55,186,118,33.75,11.7,13.65,12.05,17.8,7.65,5.5,10.85,75,6.95,430,10,5,18,42.5,264,3.6,3,45,11.55,43.25,69.5,263.25,5.45,23.5,42,4.8,25.75,13.6,41,19.1,,13.8,200,3.5,137.24,140.64,"4,450.78",104.3
2013-02-05,16.15,55.5,203,521,105,6.5,13.4,124,24,4.1,13.2,42.5,13.45,131,306,23.75,26.75,1.9,17.9,186,118,34.25,11.95,13.6,12.15,17.95,7.65,5.5,10.85,75,6.95,430,10.15,5,18,42.65,264,3.6,3,45,11.6,42.75,72,264.5,5.4,23.5,42,4.8,26.25,13.65,42,19.15,,14.1,201,3.5,137.64,141.07,"4,483.62",104.58
2013-02-06,16.2,56.5,209,529,105,6.55,13.35,124,24,4.1,13.2,42,13.55,139,307,23.75,27,1.9,18.4,185,118,34.75,12.45,13.65,12.5,18.45,7.65,5.5,10.9,75,6.95,430,10,4.95,18,43.15,261,3.6,3,43.5,11.85,42.75,72,265,5.4,23.75,42,4.65,25.5,13.75,40.25,19.15,,14,201,3.5,138.39,141.82,"4,522.53",105.39
2013-02-07,16.35,60,215,530,101,6.65,13.45,124,26,4.1,13.45,42.5,13.8,137,307,23.5,27.25,1.9,19.2,185,118,34.75,12.5,13.65,12.65,18.45,7.65,5.5,10.7,75,6.95,430,10.15,4.95,18.2,44.8,260,3.6,3,44,11.85,45,73.5,269.75,5.4,23.75,42,4.3,26,14,40.25,19.25,,13.95,200,3.5,139.71,143.12,"4,561.16",106.23
2013-02-08,16.45,59.5,217,539,100,6.8,13.6,124,26,4.15,13.6,42.5,14.45,139,307,22.25,27.5,1.9,19.15,193,118,35.5,12.5,13.6,12.95,18.6,7.65,5.5,10.75,75,6.9,430,10.1,5,18.85,45,264,3.6,3,44,11.6,45.25,74.5,274,5.55,23.75,43,4.4,26,14,40.5,19.3,,14.35,199,3.5,141.3,144.61,"4,588.42",107.42
2013-02-11,16.5,58.5,217,539,100,6.85,13.35,124,26,4.15,13.65,40.75,14.9,139,311,22.25,27.75,1.9,19.2,191,120,36.75,12.5,13.7,12.95,18.65,7.65,5.5,10.8,75,6.95,430,10.1,4.95,18.65,45.95,264,3.6,3,44,11.85,44.75,75,273.5,5.65,23.75,42.75,4.3,26,13.85,40.75,19.4,,14.4,201,3.5,142.84,146.26,"4,611.03",108.36
2013-02-12,16.5,59,217,539,100,6.85,13.55,123,26,4.15,13.85,42.5,15,139,314,22.25,27.5,1.9,19.45,198,120,38.25,12.45,13.8,12.8,19,7.65,5.5,10.85,75,6.95,430,9.2,4.95,18.6,46.95,261,3.6,3,44,11.8,45,75,277.75,5.65,23.75,43.25,4.3,26,13.85,41.25,19.35,,14.5,210,3.25,144.66,148.2,"4,633.48",109.23
2013-02-13,16.15,60,221,539,100,6.85,13.4,122,26,4.1,14.05,42.75,15,140,314,22.25,27.75,1.9,19.5,195,120,38.5,12.3,13.8,12.95,19.05,7.65,5.5,10.8,75,6.95,430,9.15,4.9,18.75,45,270,3.5,3,43.5,11.95,45.5,74,277,5.7,23.5,44.25,4.4,26,13.8,41.25,19.35,,14.5,210,3.2,143.04,146.55,"4,648.09",109.5
2013-02-14,16.15,59.5,222,539,109,6.85,13.45,122,26,4.1,13.9,42.75,15,140,308,22.25,27.75,1.85,19.95,195,120,37,12.35,13.9,12.95,19.05,7.65,5.5,10.75,77,7,430,9.15,4.95,19,44.75,268,3.65,3,43.5,12.1,46,74.5,278.25,5.6,24,45,4.3,26,13.8,42,19.4,,14.5,210,3.2,141.53,144.93,"4,637.54",108.5
2013-02-15,16.15,60,222,537,108,6.9,13.45,122,26,4.1,13.7,42.75,14.85,140,295,23,28,1.85,20.05,196,120,37,12.25,14,12.95,18.7,7.65,5.5,10.75,77,7,430,9,4.95,19.3,45.35,266,3.65,3,44.25,12,47,73,278.25,5.55,24.75,46,4.35,26,13.85,43.5,19.4,,14.2,210,3.2,141.36,144.51,"4,614.75",107.58
2013-02-18,16.35,59.5,220,534,100,6.85,13.4,122,26,4.1,13.3,42.75,14.8,140,287,23,27.5,1.9,20.05,191,120,37.25,12.15,13.95,12.85,18.65,7.65,5.5,10.6,77,7,430,9,4.95,19.8,45.5,263,3.65,3,47,11.8,46,70,278,5.55,24.5,46,4.3,26,13.9,42.75,19.45,,14.45,210,3.25,137.77,140.58,"4,573.88",106.72
2013-02-19,16.35,60,220,535,100,6.75,13.45,122,26,4.1,13.3,43,14.8,140,277,23,27.5,1.85,20,191,120,36.75,11.75,13.65,12.85,18,7.65,5.5,10.7,77,7,430,9,4.95,19.55,45.35,265,3.65,3,46.5,11.95,46,69.5,276,5.65,24.5,45,4.35,26.25,13.85,42.75,19.45,,14.4,210,3.25,138.59,141.57,"4,551.06",106.06
2013-02-20,16.3,61,204,535,105,6.65,13.45,124,24,4.1,13.3,43,13.65,140,273,24,27.25,1.8,19.4,194,120,36.5,11.65,13.1,12.55,17.75,7.65,5.5,10.65,77,7,430,9,4.8,19.1,45.5,265,3.65,3,46.5,11.6,45.75,70,272.75,5.7,24,45,4.3,26.25,14.05,42.75,19.65,,14.55,210,3.25,137.16,140.05,"4,502.75",105.13
2013-02-21,16.25,62,214,530,103,6.65,13.45,123,24,4.05,13.15,42.5,13.7,140,277,24,27,1.85,18.3,195,120,36.25,11.65,12.9,12.5,17.75,7.65,5.5,10.6,76.5,7.1,430,9,4.7,19.05,45.45,265,3.65,3,48,11.55,45.5,71,271.75,5.7,24,47,4.25,26,14,43.25,19.65,,14.55,210,3.05,137.09,140.05,"4,505.59",105.39
2013-02-22,16.2,62.5,214,529,100,6.6,13.45,122,24,4.05,13.1,41,13.75,140,280,24,26.75,1.9,17.8,195,120,36.5,10.95,12.65,12.05,17.5,7.65,5.5,10.6,77,7.1,430,9,4.65,17.9,45.25,265,3.65,3,46.75,11.25,45.5,71.5,270.25,5.65,24,48,4.3,26.5,15.15,42.5,19.6,,14.6,206,3.05,136.96,140.16,"4,477.89",105.27
2013-02-25,16.2,62.5,211,530,100,6.55,13.45,122,24,4.05,13.05,42.5,13.9,140,280,24,26.5,1.85,17.9,190,120,37,10.8,12.8,12,17.05,7.65,5.5,10.65,77,7.2,430,9,4.75,17.9,44.4,265,3.7,3,46,11.15,45.75,71,265.5,5.65,24,48.25,4.25,26.5,14.05,42.5,19.35,,14.5,205,3.3,137.5,140.63,"4,463.65",104.92
2013-02-26,16.25,62,204,523,100,6.6,13.7,120,24.25,4.1,13.25,42.5,13.55,141,279,23,26.75,1.85,18.4,185,120,39.25,11.6,12.95,12,16.8,7.65,5.5,10.65,77,7.05,430,9,4.7,16.6,44.1,264,3.6,3,46.75,10.9,45.75,70.5,265.75,5.65,24,49.5,4.3,26.5,14.2,42.25,19,,14.5,205,3.3,138.77,141.83,"4,469.19",105.19
2013-02-27,16.3,62,204,529,100,6.75,14.95,120,24.25,4.05,13.35,42.5,14,140,280,23,27.75,1.85,19,186,115,38.5,12.25,13.15,12.15,16.75,7.65,5.5,10.65,77,7,430,9,4.85,17.6,44.7,267,3.6,3,46.75,10.95,45.5,71.5,264.75,5.7,24,49.5,4.3,27,14.2,42.25,19.15,,14.8,205,3.3,140.27,143.33,"4,513.55",106.55
2013-02-28,16.6,62,204,529,106,6.95,14.9,120,24,4.15,13.75,42.5,14.35,140,282,23,28.25,1.85,19.6,191,115,38.25,12.3,13.45,12.5,17.45,7.65,5.5,10.65,77,7.05,430,9,4.2,18.15,45.25,268,3.65,3,49.5,11,45.25,71.5,270,5.75,24,50,4.3,27,14.3,43.25,19.3,,14.55,207,3.4,141.12,144.27,"4,518.59",106.91
2013-03-01,16.95,62.5,203,539,106,7.05,14.75,126,24,4.25,13.95,42.5,14.65,141,285,23,28.25,1.85,19.6,200,115,35.75,12.05,13.5,12.5,17.9,7.65,5.5,10.5,77,7.1,430,9,4.2,18.65,46.05,270,3.8,3,50,11.2,45.5,66,273.5,5.8,24.5,50,4.3,27.25,14.5,43.25,19.3,,14.45,207,3.4,141.01,143.92,"4,510.47",107.18
2013-03-05,17,62.5,203,537,106,7.2,14.3,126,24,4.4,14.45,42.5,14.55,142,287,23,28.5,1.8,19.65,200,115,35.5,12.25,12.3,12.9,17.8,7.65,5.5,10.6,77,7.1,430,9,4.55,19.1,45.25,269,3.8,3,50,11.2,48.25,67,279.5,5.95,24.5,52.5,4.4,27,14.25,43.5,19.3,,14.45,207,3.4,142.22,145.18,"4,533.82",108.09
2013-03-06,16.95,62.5,205,537,101,7.5,14.6,126,23,4.65,14.3,46,14.55,142,291,23,30,1.85,19.8,198,115,35.5,12.45,11.15,13.05,18,7.65,5.5,10.65,78,7.5,430,9,4.45,18.95,47.1,270,3.85,3,50,11.45,51.5,68,291,5.9,24.5,52.5,4.4,27,14.5,45,19.1,,14.4,219,3.5,143.46,146.38,"4,546.83",109.28
2013-03-07,17.1,63,205,540,101,8.05,14.75,126,21,4.7,14.4,43,14.95,144,295,23,29.75,1.85,20.4,200,115,36,12.5,10.9,13.55,18.25,7.65,5.5,10.75,80.5,7.75,430,9,4.5,19.1,47.6,270,3.8,3,50,11.95,56,68,298.5,5.95,25,53,4.45,27.5,15.4,48,19.2,,14.5,219,3.6,145.35,148.51,"4,585.07",110.3
2013-03-08,17.35,64,205,539,101,8.5,14.8,126,21,4.8,14.8,46,15.25,146,297,24,30,1.85,20.5,207,115,38.25,12.6,11,13.9,18.35,7.65,5.5,10.85,85,8.3,430,9,4.8,19.1,49.2,270,3.85,3,50,12.05,59.5,68.5,294.25,5.95,24.75,52.5,4.5,27.75,15.4,49,19.65,,14.5,220,3.6,146.57,149.73,"4,658.64",111.79
2013-03-11,17.2,67.5,218,535,100,8.95,15.55,120,21,5.2,15.6,46,16.35,146,307,24,31.25,1.9,22.2,227,115,39.5,13.45,11.75,15.15,19,7.65,5.5,11,85,9,430,9,4.8,20.25,52.5,275,3.85,3,53,12.4,62.5,70.5,300.5,6.15,26.5,56.5,4.9,28.25,15.4,50,20.25,,14.9,240,3.9,153.5,157,"4,796.33",115.37
2013-03-12,17.95,71.5,220,539,101,9.3,16.3,120,21,5.65,16.15,46.25,17.8,150,320,24,33.5,2,23.85,227,120,40.25,14.7,12.6,15.85,19.95,7.65,5.5,11.6,85,9.9,430,9.2,4.75,22,56.25,280,4.1,3,55,13.35,60.5,73,309.75,6.25,26.25,60,5.3,30,15.65,52,21.75,,15.45,240,3.9,157.85,161.1,"4,985.91",119.37
2013-03-13,18.3,71,219,535,99.5,8.95,16.1,121,21,5.65,16,46.5,17.25,150,319,24,31.5,2.1,22.45,235,120,39.75,14.1,12,15.6,20,7.65,5.5,11.55,85,9.6,470,8.9,4.7,21.75,52,282,4.15,3,54,13,57,72,302.75,6.25,26.75,58.5,5.1,31.5,15.8,54,20.5,,15.15,240,3.9,155.05,158.35,"4,911.45",118.02
2013-03-14,16.95,69.5,219,539,100,8.5,15.85,120,21,5.25,15.35,46.5,16.25,150,310,24,31,2.2,21.95,225,120,39.25,13.6,11.6,14.45,19.1,7.65,5.5,11.35,85,9.05,470,8.5,4.6,20.75,52.75,280,4.05,3,54.5,12.55,54.5,72.5,300,6.3,25.5,57.5,5.1,32.25,15.5,52,21.5,,15.05,240,3.9,150.18,153.62,"4,831.85",115.93
2013-03-15,16.3,69,211,530,100,8.15,14.85,127,22,4.95,14.9,47.5,16,145,303,24,30,2.05,22.1,208,115,38.5,13.1,11.55,14.5,18.65,7.65,5.5,11.35,89,8.55,470,8.5,4.65,20.25,50.25,282,3.9,3,55,12.85,55,72,292.75,6.1,24.75,54.5,5.25,34.5,15.55,51.5,21.5,,15.05,239,3.9,145.64,149.08,"4,774.12",113.23
2013-03-18,16.35,67,215,530,100,8.35,15.65,122,22,5.25,14.85,47.5,16.15,144,304,24,29,2,22.15,209,115,38.5,13.25,10.85,14.35,18.6,7.65,5.5,11.25,89,8.65,470,8.5,4.6,21,49.35,283,4,3,53.5,12.45,55.5,71.5,291.5,5.95,23,56,5.1,35.25,15.4,52,21.25,,15,229,3.9,146.19,149.74,"4,727.04",112.56
2013-03-19,16.55,67,217,530,99.5,8.55,15.45,122,22,5.6,14.95,47.5,16.9,143,307,24.5,29.75,2,22.85,210,115,38.75,13.7,10.75,14.55,18.55,7.65,5.5,11.25,81.5,9.15,470,8.5,4.6,21.25,48.65,282,3.85,3,54,12.4,57.5,72,289.75,5.95,23,56.5,5.25,34.75,14.9,52,20.75,,14.95,226,3.9,147.46,150.88,"4,721.23",113.2
2013-03-20,16.65,68,217,530,99.5,8.5,15.5,126,22,5.3,15.1,47,17.1,145,309,24,30,1.95,23,211,115,38.5,13.85,10.8,14.4,18.55,7.65,5.5,11.15,76,9.6,470,8.5,4.6,22,49.65,286,4.05,3,54,12.1,54.5,71.5,289.5,5.95,23,57,5.3,34.25,14.6,50,21.25,,14.95,226,3.6,148.09,151.65,"4,719.05",113.52
2013-03-21,16.6,68,217,530,100,8.5,15.45,126,21.25,5.3,15.05,47,17.15,145,309,24,30,1.9,22.8,219,121,38.5,13.5,10.7,14.2,18.6,7.65,5.5,11.1,76,9.75,470,8.5,4.55,22.25,49.35,303,4,3,53,11.95,55,71,288.75,5.8,23,56,5.45,33.5,14.2,50,21.5,,14.75,226,3.5,147.06,150.68,"4,708.56",113.21
2013-03-22,16.6,67.5,219,530,100,8.45,15.45,126,21.25,5.5,15,47.75,17.35,145,309,24.25,30,2,22.45,224,121,38.5,13.45,10.5,14.45,18.55,7.65,5.5,11,76,9.8,470,8.5,4.5,22.5,49.3,321,4.05,3,52,11.85,54.5,72,291.5,5.8,24.75,55.5,5.4,33.5,14.55,50.5,21.5,,14.75,226,3.5,147.13,150.83,"4,713.60",113.45
2013-03-25,16.65,67,220,530,107,8.4,15.2,129,21.25,5.45,15.15,46.5,17.5,146,310,26.25,30,2,22.85,236,125,39,13.8,10,14.9,18.95,7.65,5.5,11,76,9.85,470,9,4.5,20.25,49.55,330,4.1,3,53,12.2,58,71.5,294.75,5.8,24.75,56,5.2,33,14.25,54,21.5,,15,226,3.5,148.17,151.95,"4,732.79",114.09
2013-03-26,16.65,66.5,219,539,107,8.4,15.15,129,21.25,5.45,15.15,47,18.6,145,311,25.5,30.5,1.95,23.8,237,120,40,14.1,10.3,15.4,18.85,7.65,5.5,10.95,76,9.5,470,9,4.55,19.35,50.5,332,4.1,3,50,11.6,56.5,72,298.25,5.8,26.75,55.5,5.2,33.25,14,54,22,,15,221,3.55,150.36,153.89,"4,758.22",114.78
2013-03-27,16.9,67.5,218,539,101,8.45,15.5,134,22.75,5.55,16.25,47.75,19.75,146,311,25.5,33.25,2.1,24.35,249,120,40.75,14.45,10.05,15.6,19,7.65,5.5,10.85,76,9.65,460,9.05,4.5,20.5,52.25,349,4,3,53,12.1,58.5,72,301.5,5.95,28.5,56.5,5.2,32.75,13.25,54,21.75,,15,228,3.5,153.78,157.07,"4,830.44",117.23
2013-03-28,17,68.5,217,540,101,8.7,15.95,130,23.5,5.45,16.4,48,19.9,145,311,25.5,33.25,2.15,24.3,258,120,41.5,14.55,10,15.6,19,7.65,5.5,10.9,80,10.05,460,9,4.5,22.25,53.75,355,4,3,53,11.95,60,71.5,301.25,6,31,59,5.05,32.5,13.1,51.5,22,,14,228,3.45,154.43,157.81,"4,860.83",117.91
2013-04-02,18,70,225,540,102,9.45,17.2,140,25.75,5.7,17.8,49.5,21.7,150,310,25.5,35.5,2.25,25.8,264,125,42.5,15.95,10.65,16.8,20,7.65,5.5,10.95,80,10.45,460,9,4.7,23,56,366,4,3,53,12.4,64.5,71.5,312.25,6,33.5,62.5,5.3,34.25,13.85,55.5,23.25,,15.35,228,3.8,159.25,162.24,"5,030.91",121.58
2013-04-03,17.7,67.5,210,540,108,9.45,17.05,140,25.25,5.85,17.65,53.5,21.25,153,309,25.5,35.5,2.4,25,259,125,42,15.5,10.85,16.45,19.8,7.65,5.5,10.95,85,11.2,460,9,4.7,22.5,54,377,4,3,53,12.4,65,72.5,314.25,6.15,35.5,64.5,5.65,34.75,15.1,54.5,22.75,,15.5,231,3.8,158.85,161.84,,
2013-04-04,17.05,68.5,206,540,108,9.05,16.8,136,25,5.75,17,54.5,19.95,152,309,25.5,34.75,2.55,24.5,246,125,42.25,15.15,10.7,16.15,19.2,7.65,5.5,10.95,85,11.2,460,8.5,4.7,21.5,53.5,373,3.75,3,53,12.65,63,72.5,309.25,6.25,37.5,59.5,5.6,35,15.1,54.5,22,,16.4,228,3.5,157.1,160.19,"4,975.77",120.45
2013-04-05,17.25,68,205,542,107,9.15,16.65,135,26,5.7,16.85,54.5,20.5,154,307,25.5,34.75,2.75,25.05,250,125,42.5,15.35,10.6,16.2,19.3,7.65,5.5,10.9,85,11.25,460,9,4.7,22,52.5,379,4,3,57,13,63.5,73,312.5,6.3,37,60.5,5.5,35.75,15.4,53.5,21.75,,16.4,250,3.5,157.22,160.27,"4,985.68",120.65
2013-04-08,17.1,66.5,200,541,110,9.45,16.95,135,26.75,5.7,16.95,54.5,20.8,154,292,25.5,35.5,2.95,25.6,259,125,42.25,15.8,10.45,17.2,19.5,7.65,5.5,10.9,85,11.75,460,9,4.85,22.25,53.5,381,4.25,3,57,12.7,64,73,318.5,6.35,37.75,62,5.55,36.25,15.25,53.5,21.75,,15.55,274,3.85,156.58,159.15,"4,980.84",120.41
2013-04-10,17.3,66.5,203,541,110,9.2,16.95,136,26.75,5.75,17.05,55,21.55,154,302,25.5,35.75,3.15,25.05,262,125,42.25,15.95,9.7,16.75,19.6,7.65,5.5,10.95,85,12.8,460,9,5,22.75,53.25,386,4.35,3,57,12.6,64.5,70.5,317.5,6.4,35,63.5,5.7,36.25,15.9,52,22,,15.55,274,3.95,158.37,161.14,"4,990.04",121.53
2013-04-11,17.4,67.5,204,542,110,9.1,17.1,136,26.75,5.7,16.95,55,21.6,153,303,25.5,35.5,3.4,25,267,125,42.25,15.9,10.3,16.75,19.55,7.65,5.5,10.95,85,13.9,460,9,5,22.75,53.25,398,4.65,3,57,12.9,64,71.5,317.25,6.5,32.25,62.5,5.65,36.75,16,53.5,21.75,,15.35,274,4.2,158.8,161.58,"5,027.90",122.14
2013-04-12,17.5,67.5,205,542,110,9,16.75,130,26.75,5.6,16.95,55,21.25,154,304,25.5,35,3.5,24.55,269,125,42,15.9,10.4,16.9,19.45,7.65,5.5,10.95,85.5,13.3,470,9,4.95,22.75,52.75,395,4.65,3,56,13.05,64,69.5,317.25,6.5,35,62,5.7,34.75,16,53,22,,15.55,274,4.25,158.26,161.12,"5,020.50",121.71
2013-04-15,17.55,67.5,210,543,110,9,16.95,130,26.75,5.6,16.9,56,21.6,154,306,25,34.5,3.25,24.75,270,125,42,15.75,10.45,17.4,19.4,7.65,5.5,11,85,12.95,470,9,4.9,22.5,53,338,4.95,3,57,13.4,63.5,69.5,316.75,6.4,34.5,61,5.75,34.75,16.7,53.5,23,,15.9,274,4.25,157.94,160.98,"4,994.94",120.94
2013-04-16,17.5,66.5,205,544,110,8.95,17.15,130,26.75,5.5,16.9,55,21.05,153,304,25,34,3.2,25,271,125,42,15.75,10.5,18.25,19.2,7.65,5.5,10.95,85,12.65,470,9,4.8,22.5,52.75,314,5.25,3,53.5,13.45,64,69,318.25,6.4,33.75,62,5.65,35.75,17,53.5,22.5,,15.5,257,4.25,157.1,160.17,"4,947.51",120.15
2013-04-17,17.45,67.5,204,544,110,8.95,17.05,130,26.75,5.45,16.9,55,21.55,154,302,25,33.5,2.9,25,270,130,41.75,15.75,10.45,17.8,19.1,7.65,5.5,10.95,85,13,470,9,4.8,22.5,53.25,295,5.6,3,54,13.45,62,69,318,6.45,34.5,62.5,5.65,36.75,17.1,52.5,23,,15.5,243,4.3,156.48,159.57,"4,932.77",119.73
2013-04-18,17.45,68,205,548,110,8.95,16.75,135,28.75,5.4,16.8,55,21.7,152,302,25,33.25,2.75,25.1,270,130,41,15.7,10.4,17.75,19.05,7.65,5.5,10.95,84,13.05,470,9,4.75,22.75,53.75,295,5.8,3,57,13.05,61,69,300,6.55,34.5,62.5,5.65,36.75,17.05,53,22.75,,15.6,234,4.3,156.28,159.4,"4,902.60",119.46
2013-04-19,17.4,67,205,554,110,8.9,16.7,137,28.75,5.4,16.65,55,21.8,154,299,25,33,2.9,24.8,269,130,40.75,15.7,10.25,17.75,18.95,7.65,5.5,10.95,84,13,470,8.95,4.75,22.5,54,287,5.75,3,57,13.1,60.5,66,299.25,6.6,33,62.5,5.5,36.5,16.95,53.5,22.5,,15.95,230,4.25,155.47,158.51,"4,868.29",118.99
2013-04-22,17.4,66.5,205,555,110,8.85,16.9,137,28.75,5.35,16.5,55,21.7,142,297,25,32.75,2.8,24.75,267,130,40.5,15.45,10.3,17.5,18.85,7.65,5.5,10.95,82,12.95,470,8.55,4.75,22.75,53.75,278,5.75,3,57,13.45,61,65,300,6.6,34.25,63,5.25,36,16.85,53,22,,15.95,230,4.25,154.69,157.71,"4,839.49",118.26
2013-04-23,17.35,66,205,560,110,8.85,16.9,137,28.75,5.3,16.3,56,21.3,150,296,24.75,32.5,2.85,24.2,266,130,40.75,15,9.85,17.65,18.5,7.65,5.5,10.95,84.5,12.85,470,9,4.75,22.5,53,275,5.7,3,57,13.5,61,66,299.25,6.6,31.75,62,5.3,36.25,16.35,52.5,22.25,,15.95,225,4.25,154.05,157.1,"4,824.44",117.98
2013-04-24,17.35,65,210,560,110,8.8,16.75,139,28.75,5.3,16.4,58,20.7,150,298,24,32.75,2.75,24.05,265,130,41.75,15,9.05,17.95,18.5,7.65,5.5,10.95,84.5,12.5,470,9,4.7,22.25,53,277,5.5,3,57,13.4,62,66,298,6.6,31.75,62,5.15,35,16.25,53.5,21.75,,15.95,225,4,154.74,157.81,"4,810.40",118.38
2013-04-25,17.35,65.5,204,560,110,8.5,16.85,137,26,5.3,16.5,56,20.3,150,299,24,32.5,2.75,24.35,263,125,41.5,15,9.05,17.15,18.25,7.65,5.5,11,86,11.95,470,9,4.65,22,52.75,280,5.05,3,56.5,13.4,61,65.5,277.5,6.6,29.75,62,5.35,36,16.35,52.5,19.9,,15.95,225,4,154.24,157.29,"4,764.52",117.47
2013-04-26,17.45,65,204,560,110,8.4,16.9,136,26,5.25,16.45,56,19.9,150,297,24,32,2.75,25.15,260,125,41.5,15.15,9.5,16.3,18.25,7.65,5.5,11.1,86,11.55,470,9,4.75,21.75,52.75,279,5,3,57,13.1,59,65.5,281.5,6.65,29,62,5.5,36.75,16.45,52,20.5,,15.5,225,4,154.05,157.19,"4,785.38",117.41
2013-04-29,17.45,62.5,204,560,109,8.1,16.7,136,26,5.1,16.35,56,19.9,150,300,25,31.75,2.75,24.85,260,125,41.5,15,9.75,15.95,18.3,7.65,5.5,10.95,86,11.6,470,9,4.75,20.5,52,279,4.55,3,56.5,12.7,59,66,279.75,6.7,29.75,61,5.4,36.25,16.45,52.5,19.8,,15.5,230,4,154.13,157.34,"4,763.09",117.36
2013-04-30,17.7,62,204,549,110,8.15,16.4,136,26,5,16.25,56.5,20.3,154,305,26,31.25,2.7,24.8,260,125,42,14.85,9.65,16,18.3,7.65,5.5,10.95,86,12.45,470,9,4.7,20.5,51.75,280,4.2,3,53.5,12.9,59.5,66,279.75,6.8,29.75,61,5.25,36,16.35,53,19.75,,15.5,230,4.2,155.27,158.64,"4,765.23",118.07
2013-05-02,17.65,65,205,545,110,8.2,15.95,138,23.5,5.2,16.25,56.5,21.3,156,317,27,31.25,2.65,25.15,244,127,42,14.95,9.75,16.5,18.45,7.65,5.5,10.95,86,12.4,470,9,4.75,20.25,52.25,285,4.1,3,54,12.85,59,66.5,282.5,7,29,60,5.1,35.25,16.35,52.5,18.55,,15.5,227,4.2,157.3,160.77,"4,788.26",119.49
2013-05-03,17.65,65,205,545,110,8.1,16,138,23.5,5.3,16.4,56.5,21.15,154,320,27,31,2.6,25,247,127,42,14.9,9.75,17,18.5,7.65,5.5,10.95,86,12.4,470,9,4.65,20.5,52.25,279,4,3,53.5,13.4,59,69,288,7.05,29,60,5.05,35,16.25,53.5,19.75,,15.95,227,4,157.65,161.33,"4,821.17",120.06
2013-05-06,17.65,66,205,545,110,8.15,15.15,140,25,5.3,16.45,51,21.55,157,327,27,31.25,2.4,25.25,240,127,42.25,14.95,9.75,16.85,18.55,7.65,5.5,10.9,86,12.35,470,9.05,4.65,21,52.25,285,4.2,3,53,13.2,60.5,68.5,291,7.05,29,60.5,5.1,35,16.3,52,20.5,,15.6,245,4,158.91,162.76,"4,846.43",120.99
2013-05-07,17.6,66,205,545,110,8.2,15.2,139,25,5.3,16.45,51.5,21.65,156,334,27.75,31.5,2.35,25.7,248,130,42.25,15.05,9.75,17.05,18.55,7.65,5.5,10.95,86,12.65,470,9.05,4.6,21.75,53,287,4.25,3,53.5,13.25,61,70,296,7.1,29,60.5,5.1,35,16.3,51,21.75,,15.85,245,3.95,160.04,164.12,"4,881.75",121.95
2013-05-08,17.65,68,205,549,110,8.3,15.25,139,27.25,5.35,16.4,52,21.8,154,338,28,32.25,2.25,25.75,255,130,42.75,15.05,9.8,17,18.75,7.65,5.5,10.95,86,12.65,470,9.05,4.55,22,53.25,290,4.3,3,55,13.05,59.5,69,298,7.2,29.5,61.5,5.15,34.75,16.15,52,22,,15.75,246,3.95,161.65,165.78,"4,905.68",122.9
2013-05-09,17.7,69,205,550,110,8.4,15.2,140,25.5,5.3,16.35,52,22,154,340,27.25,33.25,2.2,25.95,255,130,43,15.05,9.9,17.25,18.75,7.65,5.5,10.95,86,12.7,470,9.05,4.55,22.5,54,293,4.45,3,53.5,13,57,69,298.25,7.15,29.5,61,5.15,34.75,16,52,21.5,,15.85,246,3.95,162.64,166.66,"4,917.46",123.35
2013-05-10,17.5,68,206,550,110,8.3,15,141,25.5,5.3,16.35,52.5,22,154,343,28,33.5,2.35,25.55,254,130,43,14.5,9.55,17.1,17.95,7.65,5.5,11.1,86,12.7,470,9,4.5,22.5,54.5,295,4.4,3,53.5,13.55,54,69,299.5,6.95,29.5,62.5,5.15,35,16.2,52,21.25,,15.65,246,3.95,161.57,165.74,"4,888.97",122.52
2013-05-13,17.55,67.5,200,550,110,8.3,14.75,143,25.5,5.3,16.35,54.5,21.4,157,349,26,33.25,2.4,25.55,250,126,42.75,14.45,9.5,16.95,17.15,7.65,5.5,11.35,86.5,12.65,470,9,4.5,22.75,54.25,295,4.3,3,53,13.55,58.5,68,303.25,6.9,29.25,63,5.15,34.75,16.65,53,20.5,,15.65,246,3.9,161.45,165.77,"4,866.05",122.57
2013-05-14,17.55,69.5,204,530,110,8.3,15,150,25,5.25,16.25,54.5,21.75,158,355,26,32.75,2.4,25.55,249,126,40.5,14.65,9.15,16.85,17.1,7.65,5.5,11.3,86.5,12.55,470,8.9,4.45,22.25,54,294,4.6,3,53,13.45,60,67.5,302.75,7.1,29.5,62.5,5.15,34,16.6,53,20.5,,15.65,246,3.95,161.08,165.56,"4,844.81",122.86
2013-05-15,17.6,70,208,530,115,8.3,15.1,145,24.75,5.2,16.5,54.5,21.4,158,369,26,33,2.45,25.7,254,126,41.25,15.5,9.9,16.55,17.05,7.65,5.5,11.3,86.5,12.05,470,9,4.45,21.5,54,296,4.9,3,53,13.4,62.5,68.5,303.25,7.35,30,62,5.1,34,16.8,53.5,20.25,,15.6,246,3.95,164.36,169.09,"4,918.27",125.16
2013-05-16,17.6,69,205,548,115,8.35,14.8,145,26,5.35,16.9,54.5,21.3,161,385,26,34.5,2.45,25.65,255,126,41,15.5,10.8,16.9,17,7.65,5.5,11.3,86,12.1,470,9,4.4,21.75,55,299,5,3,53,13.55,62,67.5,299,7.25,31.5,62.5,5.05,34,16.55,53.5,20.5,,15.65,245,4,167.08,171.97,"4,955.61",126.52
2013-05-17,17.65,69.5,205,548,111,8.35,14.95,145,26,5.35,16.95,54.5,21.55,159,391,26,34.75,2.6,25.3,254,125,41.25,15.1,11.45,16.85,17.1,7.65,5.5,11.35,86,12.4,470,9,4.5,21.5,56.25,300,4.8,3,53,13.55,60.5,67,299.75,7.15,30,62.5,5.05,35,16.45,52.5,20.5,,15.95,240,4,167.91,172.9,"4,978.79",126.75
2013-05-20,17.85,69.5,205,548,111,8.3,14.65,145,26,5.3,17,56.5,21.55,159,399,26,34.75,2.55,25.1,254,125,41.25,15.05,10.6,17,17.1,7.65,5.5,11.35,86,12.3,470,9,4.5,20.75,56.75,305,4.9,3,53,13.5,60,68.5,296,7,30,59.5,5.2,34.5,16.5,52.5,20,,15.95,240,3.95,168.34,173.47,"4,960.30",126.72
2013-05-21,17.7,69,205,550,111,8.2,14.45,143,27,5.25,16.95,56.5,21.65,160,409,26,35,2.6,25.2,255,130,41.5,14.8,10.4,16.95,17.6,7.65,5.5,11.3,86,12.35,470,9,4.55,20.5,56.75,302,4.9,3,56,13.55,63,69.5,299.75,7.05,30,56.5,5.2,34.5,16.5,53,20.25,,15.95,245,3.95,169.81,175.16,"4,978.65",127.81
2013-05-22,17.7,70,205,542,111,8.2,14.4,141,26,5.3,16.95,56.5,21.8,166,423,28,35,2.8,25.35,255,130,41.75,14.85,10.5,17,17.7,7.65,5.5,11.35,87,12.35,470,9,4.45,20.5,55.5,305,4.9,3,56.5,13.6,63.5,66.5,301.75,7.1,30,57.5,5.25,34,16.7,52.5,20,,15.65,245,4,171.59,177.29,"4,956.95",127.77
2013-05-23,17.9,69,205,543,111,8.15,14.35,140,26,5.25,16.9,56.5,21.75,169,408,28,35,2.8,25.2,260,130,42,14.95,10.05,17.1,17.55,7.65,5.5,11.3,86,12.35,470,9,4.4,20.5,55,307,4.95,3,56.5,13.95,63.5,66,299.75,7.05,30,57,5.3,34,16.6,52,19.85,,15.65,240,3.95,169.9,175.24,"4,956.95",127.77
2013-05-24,18.2,69,208,550,111,8.35,15.05,140,26,5.25,16.95,56,21.85,173,388,28,35,2.7,25.45,264,127,41.75,15.1,10.35,17.1,17.3,7.65,5.5,11.25,86,12.45,470,9,4.4,21,55.25,312,5.2,3,56,14,63,66.5,301,7,30.25,59,5.25,32.5,17.05,52,19.9,,15.6,240,3.95,168.07,172.94,"4,965.98",126.89
2013-05-27,18.25,69.5,210,550,115,8.5,15.1,140,26,5.2,16.8,56.5,21.9,170,379,28,35.5,2.75,25.45,266,127,41.25,15.05,10.4,17.15,17.05,7.65,5.5,11.3,86,12.45,470,8.1,4.4,21.25,55.5,309,5.1,3,56.5,13.95,63,66.5,301.25,6.95,30.25,57.5,5.3,32.5,17.5,52.5,19.45,,15.5,240,3.95,167.21,171.77,"4,953.03",126.25
2013-05-28,18.5,69,210,550,115,8.75,14.65,139,25.75,5.05,16.65,56.5,22,169,377,28,36.25,2.85,25.6,265,127,41.75,14.95,10.4,17.15,17,7.65,5.5,11.25,86,12.45,470,8.1,4.45,22,55.75,312,5.15,3,56.5,13.85,63,66.5,302.25,7.05,30.25,57,5.35,35,17.4,53.5,20,,15.45,239,4,168.32,172.79,"4,967.75",126.76
2013-05-29,18.7,69.5,215,551,115,8.7,15,139,25.75,5.05,16.7,56,22.95,168,365,28,35.25,2.8,25.45,265,129,42,14.95,10.3,17.1,16.95,7.65,5.5,11.25,89,12.5,450,8.1,4.55,21,56.75,319,5.2,3,57,14,63.5,66.5,300,7.15,30.5,57,5.35,35,17.6,53.5,20,,15.5,240,4.1,167.17,171.42,"4,987.16",126.47
2013-05-30,18.55,68,219,550,115,8.5,15.1,139,25.75,5.1,16.75,57,23.55,168,364,28,35.75,2.85,25.5,263,130,41.75,15.05,10.5,17.45,16.75,7.65,5.5,11.1,90,12.6,450,8.5,4.5,21.5,56.25,314,5.2,3,57,14,62.5,67,300.75,7.25,30.5,57,5.25,33,16.8,53.5,20.5,,15.55,245,4.1,167.48,171.68,"4,996.07",126.72
2013-05-31,17.95,69,221,550,115,8.35,15,140,27,5.05,16.7,56.5,23.15,166,367,28,36,2.95,25.95,263,130,41.5,15.15,10.45,17.3,16.75,7.65,5.5,11.25,90,12.75,450,9,4.5,22.25,56.75,320,5.1,3,57,14.2,62.5,67.5,300,7.25,31,56.5,5.25,33,17.2,52,20.5,,15.55,254,4.2,166.87,171.19,"5,006.96",126.8
2013-06-03,17.85,68,221,550,112,8.4,15.2,140,27,5.05,16.7,56.5,23.5,165,373,28,35.75,3.1,26.2,265,131,41,15.7,10.35,17.9,16.4,7.65,5.5,11.1,89,12.8,450,9,4.45,22.25,56,328,5,3,56.5,13.7,63,67,297,7.15,30.5,57,5.35,32.5,16.9,52,20.75,,15.65,254,4.3,166.83,171.35,"4,986.93",126.81
2013-06-04,18,68,220,550,115,8.45,14.8,140,27.75,5.05,16.6,56.5,23.65,164,375,28,35.5,3.15,26.85,264,136,41.25,15.7,10.25,17.95,16.6,7.65,5.5,11,89,12.8,450,9,4.45,22.25,56.75,323,4.95,3,57,13.8,62.5,67,297.5,7.1,31,57,5.3,32.5,17.1,53.5,21,,15.65,267,4.15,167.02,171.65,"4,985.48",126.68
2013-06-05,17.95,67,220,550,115,8.5,15.05,140,27.75,5.15,16.6,56.5,23.45,162,374,28,35.25,3.1,27.15,263,136,41.5,15.95,10.3,17.9,16.6,7.65,5.5,10.95,85,12.95,450,8.5,4.45,22.25,56.5,331,4.95,3,58.5,13.95,63.5,67,296.75,7.1,30.5,57.5,5.35,34.5,17.3,53.5,21.25,,15.65,260,4.15,166.74,171.43,,
2013-06-06,17.95,67,219,550,115,8.45,15,140,27.75,5.15,16.5,56.5,22.75,164,374,28,34.75,3,26.5,260,138,41.25,15.95,10.35,17.9,16.95,7.65,5.5,11,86,12.95,450,8.5,4.5,22.25,56.75,327,5,3,61,14.35,63.5,67.5,297.5,7.15,30.75,57,5.3,34.5,16.95,53.5,20.75,,15.6,263,4.15,166.42,171.08,"4,962.66",126.19
2013-06-07,17.85,66.5,219,546,115,8.45,14.6,141,26,5.15,16.5,56,22.45,164,370,27.5,34.75,3.15,26.95,260,138,41,15.95,10,17.8,16.75,7.65,5.5,11,84,13,450,9,4.45,22.25,56.75,325,5,3,61,14.85,64,67,296.5,7.2,31.5,57,5.3,34.75,16.8,52,20.5,,15.65,264,4.15,165.66,170.26,"4,962.66",126.19
2013-06-10,17.5,66,218,539,115,8.5,14.7,141,26,5.15,16.45,56.5,22.75,164,369,26.75,34.5,3.1,26.65,255,146,40.5,16.8,10,16.9,16.55,7.65,5.5,10.8,84,13.05,450,9,4.45,22.5,56.5,324,5.1,3,60,14.55,68,67,299.25,7.25,31,59,5.3,33,16.8,53,20.5,,15.65,260,4.1,164.91,169.5,"4,957.08",126.07
2013-06-11,17.15,65,218,532,115,8.5,14.6,142,25.5,5.15,16.5,56.5,22.2,163,364,27.5,34,3.15,26.05,256,148,40.5,17.15,9.85,16.55,16.55,7.65,5.5,10.15,84,12.95,450,9,4.4,22.5,56.75,305,5.05,3,60,14.65,71,65,293.5,7.35,31.5,57.5,5.25,32.5,16.8,52,20,,15.5,253,4.05,163.63,168.13,"4,886.64",125.24
2013-06-12,17.1,65,209,532,115,8.45,14.5,142,25.5,5.15,16.45,56,22,165,358,27.5,33.5,2.95,25.65,250,146,39.75,17,9.8,16.4,16.4,7.65,5.5,10.55,84,12.8,450,9,4.35,22.75,56.75,310,4.95,3,60,14.5,67.5,64.5,292.25,7.35,30.25,57,5.3,34,16.85,52,19.85,,15.45,254,4,162.13,166.48,"4,862.69",124.23
2013-06-13,17,65.5,202,539,115,8.35,14.45,142,25.5,5.1,16.1,56,23,161,350,27.5,33,2.95,25.7,250,147,39,16.85,9.9,16.45,16.8,7.65,5.5,10.65,83,12.6,450,9,4.35,22.5,56.25,310,4.95,3,59,14.6,69,64.5,289.5,7.3,31,57,5.3,32,17,52,19.5,,15.6,254,4,160.28,164.45,"4,838.01",122.97
2013-06-14,16.95,64,210,577,115,8.3,14.15,142,25.5,5,16.15,56,22,165,340,27.5,32.25,3.1,25.6,249,147,38.25,16,9.85,16.3,16,7.65,5.5,10.05,83,12.5,450,9,4.4,22.5,56,310,5.1,3,58,14.5,67,64.5,294.75,7,31,55.5,5.3,32.5,16.75,51,19.5,,16.45,260,4,156.62,160.73,"4,806.52",121.27
2013-06-17,16.75,64.5,216,577,115,8.1,14.35,140,23,4.9,16,56,21.5,165,340,27.5,31.25,3.1,25.15,249,147,37.25,16.05,9.65,15.9,15.5,7.65,5.5,10.4,83,12.3,450,9,4.4,22.25,53.25,312,5.1,3,58,14.3,68,63.5,293.5,6.7,30.5,55,5.3,32.5,16.95,51.5,19.4,,16,255,4,153.67,157.93,"4,761.89",119.63
2013-06-18,16.5,63.5,211,541,115,7.5,14.3,142,23,4.85,15.75,57,21.15,164,336,27.5,31.5,3.1,24.65,249,147,36.25,16,9.65,15,15.3,7.65,5.5,10,83,11.95,450,9,4.4,22.75,52.75,310,5.05,3,58,14.25,66.5,61.5,290.25,6.9,30.5,55,5.2,32.25,17,49,19.15,,15.55,250,4,152.57,156.73,"4,701.22",118.78
2013-06-19,16.75,63,216,540,110,7.65,14.15,140,25.25,4.75,15.75,56,20.7,165,339,27.5,32.25,3,24.65,238,147,37.5,15.95,9.6,15,15.05,7.65,5.5,9.9,83,11.85,490,9,4.45,22.25,52.75,309,5,3,58,13.7,66,60,289.75,6.9,30.25,54,5.1,32.25,16.5,47.75,19,,15.5,250,4,154.6,158.74,"4,705.19",119.62
2013-06-20,16.7,64.5,216,540,110,8,14.3,140,23.5,4.8,15.8,56,21.65,166,341,27.75,33.75,2.95,25.15,240,147,38.75,15.95,9.55,15.05,14.95,7.65,5.5,9.95,83,11.95,490,9,4.35,22.25,52.75,303,5,3,58,13.45,66.5,60.5,287.5,6.9,30.5,56.5,5.1,32.5,16.95,47.75,19.05,,15.5,250,4,156.36,160.43,"4,713.39",120.33
2013-06-21,16.5,64.5,216,545,110,8.1,14.75,140,23.75,4.9,15.85,56,21.8,165,340,27.5,32.5,2.95,25.8,240,146,38.75,15.9,9.35,15.05,15,7.65,5.5,10,83,11.9,490,9,4.35,22.5,53,308,4.9,3,58,13.5,66.5,63,289,6.75,30.25,56.5,5.2,33,16.5,47.25,19,,15.5,250,4,154.63,158.88,"4,706.80",119.64
2013-06-24,16.3,64,215,567,110,8,15.15,142,23.75,4.85,15.6,56,21.8,165,335,27.5,31.5,2.95,25.4,233,144,37.5,15.95,9,15,14.95,7.65,5.5,9.95,83,11.05,490,9,4.35,22,53,310,5,3,56.5,13.5,66,62,285,6.7,29,56.5,5.15,32.75,16.6,47,19.6,,15.5,250,4.1,152.28,156.61,"4,680.33",118.38
2013-06-25,15.8,64,215,554,110,8,15.25,142,25,4.65,15.05,57,21.2,165,335,27.5,31.5,2.9,25.3,234,144,36.5,15.8,9,14.9,14.9,7.65,5.5,9.9,83,10.75,490,8.55,4.25,22,52.75,308,5,3,57.5,13.5,64.5,60,285,6.7,28,53.5,5.05,32.75,16.85,46,20,,16,250,4,150.68,155.1,"4,641.07",117.29
2013-06-26,15.35,63,214,541,115,8,15.45,142,23.75,4.55,15,57,22.8,167,329,27.5,31.5,2.9,25.3,223,138,36.75,15.45,9.2,14.95,14.8,7.65,5.5,9.95,83,9.75,490,8.55,4.2,21.5,53.5,306,5,3,57.5,13.65,64,60,285.25,6.65,28,51.5,5.15,30,16.5,46,19.05,,15.3,250,4.1,149.53,153.72,"4,602.40",116.24
2013-06-27,15.65,63.5,215,541,115,8,14.7,142,23.75,4.6,15.45,56,21,169,320,27.5,31.5,2.95,25.25,225,135,36.75,15.4,9.05,15.05,14.5,7.65,5.5,9.95,83,9.6,490,9,4.2,21.75,53.5,301,4.65,3,57.5,13.5,63,60,280.75,6.5,28,51.5,4.95,31,16.45,44.25,18.9,,15.3,250,4.05,148.51,152.52,"4,584.50",115.33
2013-06-28,15.7,64,215,543,115,8,14.5,140,23.75,4.65,15.3,56,21.95,170,333,27.25,31.25,2.8,25.45,225,135,37,15.15,8.8,16.2,14.5,7.65,5.5,9.95,80,9.95,490,9,4.2,21,53,301,4.6,3,55.5,13.65,63.5,60.5,287.25,6.55,28,51.5,4.9,31,16.4,46,19.9,,15.2,225,4,149.68,154.12,"4,598.16",116.31
2013-07-01,15.7,64,215,541,115,8,14.45,140,23.75,4.7,15.25,54.5,21.15,170,331,27.25,31.25,2.6,25.45,225,135,37.25,15.05,8.75,16.05,14.45,7.65,5.5,10,80,10.55,490,9,4.15,21.25,52.75,302,4.6,3,52,13.5,64,60,280,6.4,28.5,52.5,4.95,32,16.4,45,19.95,,15.1,225,3.8,149.11,153.53,"4,579.21",115.64
2013-07-02,15.7,64,210,577,115,8.1,14.4,140,23.75,4.65,15.45,54.5,21,170,325,27.25,31.25,2.6,25.25,234,135,37.5,15,8.9,15.95,14.4,7.65,5.5,9.95,80,10.95,490,9,4.1,22,52.75,300,4.15,3,52,12.8,65.5,60,280.75,6.4,27,53,5.35,32,16.4,48.25,19.15,,15.1,227,3.75,148.57,152.77,"4,561.74",115.44
2013-07-03,15.8,64,210,565,115,8,15.35,140,23,4.9,15.5,54.5,21,169,324,27.25,31.5,2.45,25.5,234,135,37.5,15,8.8,16.15,14.1,7.65,5.5,9.95,80,11.25,490,9,4.15,22,53,300,3.85,3,55.5,12.7,65.5,60.5,283,6.3,27,53,5.2,32.5,16.4,46,19.7,,15.95,227,3.75,148.58,152.9,"4,562.83",115.48
2013-07-04,16,63.5,209,550,115,8.05,15.25,140,23.5,4.95,15.65,57.5,20.95,171,325,27.25,31.75,2.45,25.7,239,135,38,15,8.9,16,14.4,7.65,5.5,9.9,80,11.95,490,9,4.05,21.75,52.75,299,3.75,3,55,12.6,65.5,60,286.75,6.45,27,53.5,5,32.5,16.35,48.25,19.95,,15.2,227,3.75,149.73,153.96,"4,574.10",116.23
2013-07-05,16.05,63.5,216,551,115,8.05,15.15,140,23.5,4.95,15.55,57.5,21.05,169,324,27,32,2.45,25.5,239,135,38.25,15,8.65,16.4,14.45,7.65,5.5,9.9,80,11.9,490,9,4.15,22.25,53.25,299,3.6,3,56,12.5,65.5,60,283.25,6.75,29.5,54,5,32.5,16.4,48.25,19.8,,15.2,227,3.75,151.04,155.21,"4,585.42",117.34
2013-07-08,16.55,64,215,551,115,8.05,14.95,140,23.5,4.95,15.65,57,21.9,170,326,27,33.25,2.6,25.95,239,135,39.25,15,8,16.05,14.4,7.65,5.5,9.9,80,11.4,490,9,4.2,20.75,53.25,300,3.5,3,56,11.55,65,60.5,280,6.7,29.5,54,5.05,33,16.4,49,19.9,,15.2,225,3.75,153.09,157.04,"4,576.21",118.03
2013-07-09,16.85,65,210,550,116,8,15.1,140,23.5,4.85,15.6,57,22.2,170,327,27,33.75,2.6,25.85,239,135,39.75,14.95,8.15,16.1,14.45,7.65,5.5,9.9,80,11.35,490,9,4.25,21.25,53,298,3.5,3,56.5,11.95,65,60,282,6.65,29.5,54.5,5.05,33,16.8,48.5,20.25,,15.55,230,3.75,153.94,157.91,"4,600.45",118.18
2013-07-10,17,67.5,210,552,116,8.05,15.05,140,25,4.85,15.75,57,22.1,173,329,26.25,33.25,2.8,25.8,239,135,40.25,15.05,8.05,15.65,14.4,7.65,5.5,9.8,80,11.5,490,9,4.4,20.5,53.5,299,3.5,3,56.5,12.15,66,63,287.75,6.75,29.5,54,5.05,33,16.6,47.5,20.25,,15.4,230,3.75,154.7,158.66,"4,640.50",118.85
2013-07-11,17.45,68,210,555,116,8.1,15,142,23,4.8,15.9,57,22.25,172,334,26.25,33.5,2.75,25.7,239,135,40.5,15.05,8.3,15.8,14.05,7.65,5.5,9.45,81,11.95,490,9,4.35,21.75,53.75,293,3.5,3,56.5,12.65,65.5,62.5,286,6.9,29.5,57,5.15,33,16.5,47.5,20.25,,15.3,229,3.75,156.43,160.44,"4,658.46",119.87
2013-07-12,17.6,69.5,210,555,116,8.25,15.25,142,23,4.85,15.95,57,22.4,172,343,26.75,33.75,2.9,25.75,244,135,40.5,15.25,8.6,16.2,14.15,7.65,5.5,9.5,81,11.9,490,9,4.4,21.75,55,304,3.6,3,56.5,13.7,65.5,61,290,7.05,29,56,5.2,32.5,16.5,48,20,,15.95,229,4,158.61,162.76,"4,720.53",121.39
2013-07-15,17.9,71,212,555,115,8.2,15.4,142,23,4.9,16,57,22.45,172,344,26.75,33.5,2.75,25.9,244,135,40.5,15.85,8.5,16.35,14.45,7.65,5.5,9.65,81,12.35,490,9,4.4,21.25,55.5,303,3.55,3,56.5,14,65.5,60.5,290.5,7.3,29,57.5,5.15,34.5,15.85,48.5,20,,15.5,229,4,160,164.06,"4,746.26",122.51
2013-07-16,17.95,71,209,572,115,8.35,15.45,142,23,4.85,16.05,57,22.55,170,344,26.75,33.5,2.95,25.85,253,135,40.75,16.15,8.5,16.3,14.45,7.65,5.5,9.6,81,12.1,490,9,4.35,21.25,55.75,303,3.6,3,57,14.5,65.5,61,298.5,7.4,29,58.5,5.05,34.5,15.65,49,20,,15.9,235,4,160.71,164.69,"4,786.47",123.21
2013-07-17,17.7,70,211,572,115,8.2,15.45,143,23,4.85,16,57,22.95,170,344,26.75,33.5,2.95,26,253,135,41.25,16.25,8.45,16.5,14.45,7.65,5.5,9.55,80,12.1,490,9,4.35,22,56,305,3.7,3,56.5,14.1,65,61.5,298,7.35,29,56.5,5.1,34.5,15.85,52.5,20,,16.15,235,4,160.8,164.78,"4,778.88",124.4
2013-07-18,17.5,70,212,572,115,8.35,15.7,143,23,4.9,16.1,57,22.6,170,345,27,33.75,2.95,26,247,135,41.75,16.75,8.45,16.45,14.45,7.65,5.5,9.75,80,12.15,490,9,4.35,22,56.25,306,3.7,3,56.5,14.05,65.5,62.5,300,7.3,29,56.5,5.15,34.75,15.7,51.5,20.25,,15.6,235,3.6,160.92,164.98,"4,800.16",123.42
2013-07-19,17.55,69.5,214,573,115,8.4,15.55,142,23,4.85,16.15,57,22.7,170,348,26.5,33.5,2.85,27,262,135,42,17.35,8.4,16.6,14.4,7.65,5.5,9.8,80,12.1,490,9,4.4,22.5,56,309,4.05,3,56.5,14,65.5,61.5,300,7.25,27.5,55.5,5.1,35,15.7,49.5,20.25,,16.05,235,3.6,161.31,165.47,"4,807.53",123.7
2013-07-22,17.55,69.5,216,574,116,8.2,16.25,140,23,4.95,16.35,57,22.85,170,349,26.75,33.5,2.8,26.9,273,135,42,17.1,8.45,16.35,14.4,7.65,5.5,9.75,80,11.95,490,9,4.45,22,56,308,4.05,3,56.5,14.05,65.5,61.5,304,7.1,27.5,55.5,5.05,35,14.65,50,20,,16.05,235,3.6,160.86,165.08,"4,807.41",123.48
2013-07-23,17.65,68,216,575,115,8.1,16.1,140,23.5,4.9,16.2,57,23.15,170,351,27.25,33.25,2.85,26.9,270,135,42,16.45,8.65,16.5,14.3,7.65,5.5,9.7,84,11.95,490,9.9,4.35,22.25,56.5,311,4.4,3,56.5,14.25,66,60.5,298.5,7,27.5,55,5.15,33,14.85,51,19.75,,16.15,235,3.6,160.62,164.87,"4,790.67",122.92
2013-07-24,17.65,68,220,575,116,8.1,16.4,140,23.5,4.9,16.1,57,23,170,350,27.25,33.25,2.9,26.7,262,135,42.5,16,8.55,16.45,14.2,7.65,5.5,9.55,84,11.95,490,9.9,4.3,22,56.75,310,4.35,3,55,14.4,65.5,61.5,304,7.05,27.5,54.5,5.15,33,15.25,50,19.4,,16,234,3.6,160.9,165.03,"4,787.78",123.21
2013-07-25,17.7,68,217,576,116,8.1,16.65,144,23.5,4.85,15.9,57,22.8,170,351,27.25,33.5,2.9,26.7,269,135,42.25,16.25,8.85,16.55,14.2,7.65,5.5,9.65,83,12,490,10.65,4.3,22,57,311,4.45,3,56,14.4,66,61.5,303.75,7.05,28,53.5,5.15,33,15,50,19.6,,16,234,3.95,161.03,165.19,"4,796.30",123.22
2013-07-26,17.6,68,217,570,116,8,16.7,144,23.5,4.9,15.95,57,23,170,352,27.25,33.5,2.9,26.6,270,135,42.5,16.1,8.85,16.95,14.15,7.65,5.5,9.3,85,12,490,10.65,4.35,22,57.5,312,4.65,3,55.5,14.1,67.5,64,304.75,7.15,27.75,55,5.1,34.75,15.25,49.5,19.6,,16.15,236,3.8,161.55,165.77,"4,801.63",123.71
2013-07-29,17.55,66,211,575,116,8,16.6,144,24,4.9,15.7,57,23,169,346,27,33.5,2.85,26.7,273,135,42.75,16.1,8.9,17.5,14.05,7.65,5.5,9.5,85,11.8,490,11.65,4.35,22,57.75,309,4.4,3,56,14.1,65,64,304.5,7.15,27,55,5.05,34.75,15,49.25,19.6,,15.85,236,3.7,160.93,165.05,"4,793.82",123.23
2013-07-30,17.55,67,213,574,111,8,16.65,140,24,4.85,15.9,57,23,165,349,27,33.25,2.85,26.8,274,130,43,16,8.9,16.95,14.15,7.65,5.5,9.3,85,12.05,490,12.7,4.3,22,57.5,310,4.4,3,55,14,67,66.5,304.5,7.25,27.75,54.5,5.1,33,15,48.5,19.55,,15.9,235,3.7,161.64,165.72,"4,796.97",123.63
2013-07-31,17.35,67,213,574,111,7.95,16.2,140,23,4.75,16,57,23.1,165,335,27,33,3,26.7,279,125,42.75,16.2,8.8,16.95,14.05,7.65,5.5,9.4,85,12,490,13.5,4.3,22.25,56.25,311,4.55,3,55,13.95,65.5,66.5,304.75,7.25,27.5,55,5.15,32.5,15.85,49,19.6,13,16.1,235,3.7,159.9,163.69,"4,787.56",122.86
2013-08-01,17.45,67.5,220,574,111,7.95,16.1,140,23,4.55,16.2,57,23,165,339,27,33.25,2.95,26.2,274,125,42.5,16.05,8.7,17,14.05,7.65,5.5,9.45,85,12,490,14.45,4.25,21.75,55.75,310,4.6,3,55,13.3,65.5,66.5,303.75,7.25,27.25,55,5.1,33,16.65,48,19.55,13,16.1,235,3.95,160.15,163.93,"4,781.40",123.03
2013-08-02,17.4,68.5,220,574,111,7.9,16.1,140,23,4.7,16.1,57,23,165,345,26.5,33,3,26.35,276,125,42.5,16,8.75,16.9,14,7.65,5.5,9.35,83,12.1,490,14.6,4.25,21.75,55.5,310,4.55,3,54,13.8,67.5,64.5,300,7.25,27.5,56,5,31.75,16.6,48,19.6,13,15.65,235,3.95,160.38,164.39,"4,777.12",123.3
2013-08-05,17.45,67.5,217,570,111,7.9,16.45,140,23,4.7,16.35,57,23.05,168,344,26.5,33.25,3,25.3,276,125,42.75,16,8.75,17,14,7.65,5.5,9.4,85,12.2,490,14.55,4.25,21.5,54.75,309,4.4,3,52,13.8,66,63.5,300,7.3,27.25,55,5.1,30.5,16.75,48,19.65,13,15.65,235,3.95,160.7,164.6,"4,783.40",123.29
2013-08-06,17.3,68,217,570,115,7.95,16.5,140,22,4.75,16.2,57,23.2,169,339,26.5,33.75,3.1,25.4,276,125,43.25,16,8.75,16.9,13.85,7.65,5.5,9.55,85,12.2,490,14.95,4.15,21.75,55.25,310,4.5,3,55,13.9,69.5,63.5,303.75,7.3,27.5,56,5,30.75,16.65,45.25,19.7,13,15.65,237,3.7,160.61,164.33,"4,783.12",123.35
2013-08-07,17.2,69,218,571,115,7.85,16.25,130,22.5,4.65,16.3,57.5,23.2,168,339,26.5,33.5,3,25.9,276,125,43.75,16.1,8.7,17,13.95,7.65,5.5,9.5,85,12,490,14.6,4.15,22,55.75,311,4.3,3,55,14.25,63,63.5,303.5,7.4,27,56,5.15,32.5,16.65,45.5,19.75,13,16,237,3.95,161.04,164.77,"4,801.03",123.55
2013-08-08,17.2,69.5,218,570,114,7.8,16.45,130,22,4.8,16.4,60,24.5,169,338,26.5,33.75,2.95,25.9,275,135,43.75,16.15,8.65,17.05,13.95,7.65,5.5,9.45,83,12,490,14.5,4.1,21.25,56.5,311,4.2,3,53.5,13.8,69,62.5,303.75,7.7,27.5,55,5.2,30,16.8,48,19.8,13,16,236,3.95,162.47,165.99,"4,792.87",124.67
2013-08-12,17.35,71,217,570,114,7.95,16.4,130,22,4.9,16.45,60,25.15,168,337,26.5,33.75,2.9,25.6,275,135,44.25,16.4,8.5,17,13.95,7.65,5.5,9.4,83,12.2,490,14.5,3.95,22.25,56.5,312,4.15,3,53.5,13.9,71.5,64.5,303.75,7.85,27.5,55.5,5.25,30,16.95,47.25,19.95,13,15.5,236,3.6,163.41,166.8,"4,805.34",125.39
2013-08-13,17.55,71,218,574,115,7.95,16.25,130,22,4.9,16.4,60.5,25.15,168,335,26.5,33.75,2.9,25.5,272,135,44.25,16.45,8.45,16.95,13.95,7.65,5.5,9.35,84,12.25,490,14.5,3.75,21.5,57,312,3.9,3,53.5,13.8,70,72,300.75,7.65,27,57.5,5.15,30.25,17.6,48,19.65,13,15.5,235,3.6,163.2,166.41,"4,810.29",124.82
2013-08-14,17.75,70.5,218,577,115,7.95,16.15,130,22,4.8,16.45,61.5,25.45,173,334,26.5,34,2.95,25.4,272,135,44.25,16.5,8.45,16.35,13.95,7.65,5.5,9.2,84,12,490,14.05,3.4,21.25,57,313,3.9,3,53.5,13.8,70,74,302,7.75,27,59.5,5.15,31,17.25,47.75,19.7,13,15.2,240,3.55,163.94,166.83,"4,799.06",125.31
2013-08-15,17.7,70.5,218,570,114,8,16.15,141,23,4.85,16.6,62,25.65,172,330,26,34.75,2.9,25.35,274,122,44.25,16.6,8.45,16.1,14.3,7.65,5.5,9.1,84,12.1,490,14.1,3.65,21.5,57.25,314,4,3,52,13.7,72,70,301.75,7.9,27,60,5.15,31,17.5,48,19.65,13,15.9,244,3.95,164.52,167.34,"4,812.27",125.77
2013-08-16,17.7,70.5,217,573,114,8,16.1,140,24.75,4.9,16.5,61,25.9,174,327,26,35,2.85,25.4,275,122,45,16.7,8.45,16.05,14.4,7.65,5.5,8.95,84,12.05,490,14.15,3.95,21.25,58,315,4.2,3,52.5,14.15,72,69.5,295.75,8.05,27.5,60,5.1,31,17.5,48,19.7,13,15.9,250,4,165.48,168.27,"4,842.59",125.95
2013-08-19,17.6,70,217,574,114,8.1,16.1,143,24.75,4.9,16.6,61.5,25.45,175,321,26,35.25,2.8,25.6,275,122,44.75,16.8,8.45,16.05,14.45,7.65,5.5,8.95,86,11.55,490,14.5,4,21.75,58,317,3.9,3,52.5,14.15,72,69.5,294.75,8.15,27.5,61.5,5.1,31.25,16.9,49.25,19.85,13,16,250,4,165.24,167.89,"4,851.54",126.21
2013-08-20,17.55,70.5,217,570,114,8.15,16.3,145,25,4.85,16.55,61.5,25.2,176,314,27,34.75,2.8,25.4,274,122,44.75,16.9,8.45,16.15,14.35,7.65,5.5,9,86,12,490,14.5,4,21.75,57,319,3.95,3,54,13.95,71.5,69.5,296,8.2,27,61.5,5.1,31.5,16.9,49.75,19.65,13,16.05,250,3.9,164.29,166.78,"4,830.50",124.91
2013-08-21,17.45,70,216,572,120,8.15,16,145,25,4.95,16.55,61.5,25.5,179,305,27,34.75,2.8,25.3,274,122,44.75,16.95,8.4,16.1,14.3,7.65,5.5,9.4,84,12,490,14.5,3.95,21.5,57.5,320,3.9,3,54,14,72.5,69.5,295.5,8.05,26,61.5,5,31,16.45,48.5,19.9,13,16.05,250,3.85,163.05,165.38,,
2013-08-22,17.5,70,216,562,120,8.2,16.1,145,25,4.9,16.5,61.5,25.4,175,305,27,34.5,2.75,25.3,272,122,44.75,16.8,8.45,16,14.25,7.65,5.5,9.4,84,12.15,490,14.5,3.95,21.75,57.25,320,3.9,3,56,13.95,72.5,69,294.25,7.95,26,60.5,5.05,31.75,16.3,48.5,19.65,13,16.45,250,3.85,162.43,164.77,"4,814.12",124.36
2013-08-23,17.45,70.5,217,574,115,8.2,16.1,145,24.75,4.9,16.4,61.5,25.45,179,308,27,34.25,2.85,25,272,122,45,16.75,8.55,15.8,14.25,7.65,5.5,9.45,84,12.1,490,13.05,3.9,22,57.5,316,3.85,3,55.5,13.95,72,69.5,294.25,7.9,26,60.5,5,31.25,16.55,48.25,19.6,13,16.45,249,3.85,162.58,164.96,"4,821.50",124.47
2013-08-26,17.45,71,217,575,115,8.25,16.05,145,25,4.85,16.15,64.5,25,177,310,27,34.5,2.8,25.25,272,122,44.75,16.65,8.5,15.8,14.25,7.65,5.5,9.4,84,12,490,13.05,3.8,21.5,57.5,316,3.7,3,54,13.9,72,69.5,294.5,7.9,26.5,61,4.95,32,16.8,48,19.6,13,16.5,249,4,162.45,164.86,"4,806.48",124.36
2013-08-27,17.5,70.5,201,575,115,8.05,16.1,146,24.75,4.8,16.15,63.5,23.5,176,306,27,34,2.75,25.05,272,122,44.5,16.65,8.5,15.75,14.1,7.65,5.5,9.45,85,12.1,490,13.05,3.8,21.5,57.75,316,3.75,3,55.5,13.95,72,69.5,292.5,7.75,27.5,61,4.85,31.5,17,47.75,19.65,13,16.5,236,3.85,160.99,163.39,"4,774.58",122.85
2013-08-28,17.45,70,209,570,115,7.9,16.05,146,24.75,4.7,16,64,23.45,175,301,27,33.25,2.7,24.7,270,122,43,16.4,8.55,15.5,13.95,7.65,5.5,9.4,85,12,490,13.05,3.7,21.25,57.5,317,3.7,3,56,13.9,71.5,69.5,292.75,7.5,27.5,61,4.8,31.75,17.55,48.25,19.75,13,16.5,236,3.85,158.22,160.62,"4,742.15",121.24
2013-08-29,17.3,71,200,574,119,8,16.05,146,24.75,4.7,16.15,62,24,175,286,27,32.75,2.75,24.55,267,122,42.75,16.2,8.4,15.4,13.9,7.65,5.5,9.45,84.5,12,490,13.05,3.7,21,57.75,316,3.85,3,54,13.7,68.5,67,292,7.65,26.75,60.5,4.85,31.75,17.2,48.5,19.95,13,16.5,245,3.6,156.72,158.79,"4,708.05",120.39
2013-08-30,17.05,71.5,200,574,119,8.15,15.8,146,24.75,4.7,16.05,62,24.45,174,284,26,32.5,2.75,24.15,268,122,42,16.05,8.45,15.15,13.95,7.65,5.5,9.45,90,12.05,490,13.05,3.7,20.5,57.25,315,3.7,3,54,13.85,68.5,64.5,294.25,7.65,26.75,60,4.75,30.75,17.05,49,19.15,13,16.7,245,3.6,155.73,157.71,"4,697.75",119.96
2013-09-02,17.1,70,200,570,119,8.15,15.85,146,24.75,4.55,15.95,61.5,23.5,174,285,26,32.75,2.7,24.05,265,122,42,16.05,8.45,15.15,14,7.65,5.5,9.45,90,12,490,13.05,3.75,21.25,57.75,306,3.7,3,54,13.6,69,60,292,7.65,26.5,60,4.65,30.75,17.05,48.5,19.7,13,16.5,250,3.95,155.28,157.37,"4,669.85",119.47
2013-09-03,17.05,70,201,570,119,8.1,15.9,147,25,4.5,15.75,62,23.95,172,285,25,33.75,2.7,24.4,264,122,42.25,15.9,8.4,15.15,13.85,7.65,5.5,9.15,90,12.05,490,13.05,3.5,21.75,57.5,302,3.85,3,54.5,13.9,68,61,293.75,7.75,27,60,4.9,30.75,17.2,48.5,19,13,16.5,250,4.2,156,157.89,"4,648.21",119.86
2013-09-04,17.05,70,202,575,125,8.25,15.9,147,25,4.6,15.95,62,23.75,174,285,26,34.25,2.75,24.5,270,122,43,15.95,8.4,15.05,14.1,7.65,5.5,9.05,84,12,490,13.05,3.55,21,58.25,302,3.75,3,56,13.85,69,61.5,296,7.8,26,60,4.7,31,17.4,49,19.3,13,16.55,250,3.95,157.18,159.02,"4,659.85",120.69
2013-09-05,17.25,70,202,575,119,8.25,15.95,146,25,4.55,16,63,24.05,175,292,26.5,34.25,2.7,24.95,270,122,45,16,8.25,15.25,14.05,7.65,5.5,9.1,84,11.95,490,14.2,3.55,20.25,58.5,305,3.7,3,58,13.55,70.5,62,295,7.85,26.25,61.5,4.8,30.75,17.8,49.5,19.4,13,16.55,250,4.05,159.46,161.31,"4,677.60",121.82
2013-09-06,17.25,70.5,205,575,125,8.25,16.05,147,25,4.55,16.05,62,24,174,296,26,33.5,2.7,25.05,270,122,45,16.1,8.35,15.45,14.1,7.65,5.5,9.2,84,11.95,490,14.5,3.6,21.5,58.5,309,3.5,3,58,13.95,71.5,63.5,294.75,7.85,26,61,4.85,30.75,17.5,49.75,19.45,13,16.65,250,4,159.7,161.75,"4,708.95",122.3
2013-09-09,17.15,70,204,575,125,8.2,16.2,146,25,4.45,16,63,23.7,175,296,25,33.25,2.7,25.05,270,122,45,16.2,8.45,15.5,14.45,7.65,5.5,9.35,84,11.95,490,14.5,3.65,20.75,58,310,3.55,3,58,13.95,70.5,62,295,8.05,27,60,4.85,30.75,17.8,50,19.5,13,16.55,250,4.05,160.13,162.12,"4,722.89",122.76
2013-09-10,16.75,70,211,575,125,8.15,16.05,146,25,4.45,15.95,63,23.8,175,300,26,33.5,2.65,25,265,122,44.75,16.55,8.4,15.35,14.65,7.65,5.5,9.45,84,11.95,490,14.5,3.65,20.75,58,310,3.9,3,58,13.9,70.5,60,295.25,8.05,27.25,59.5,4.85,30.75,18,49.75,19.45,13,16.55,250,4,160.06,162.16,"4,722.91",123.12
2013-09-11,17,70,210,575,125,8,16.1,146,25,4.45,16.1,64.5,24.25,174,299,25.25,33.25,2.65,25.3,264,122,44.25,16.7,8.2,15.15,14.95,7.65,5.5,9.05,84,11.8,490,14.5,3.7,20.75,58.25,314,3.65,3,58,13.55,70.5,62,295.25,8.05,27.25,61.5,4.85,31.5,18.35,49.75,19.45,13,16.5,250,3.9,159.95,162.08,"4,727.66",122.92
2013-09-12,17.05,71,209,575,125,8,16.3,146,25,4.6,16,62,24.5,173,299,25.25,33.25,2.65,25.05,263,122,44,16.65,8.1,15.05,14.9,7.65,5.5,9.3,85,11.7,490,14,3.7,20.5,58.75,314,4,3,57.5,13.6,70,62,296.75,8.05,26.25,60.5,4.8,31.5,18,49.5,19.6,13,16.5,250,4,159.94,162.06,"4,732.92",122.88
2013-09-13,17.05,71,210,575,125,8,16.4,146,25,4.55,16.15,62.5,24.5,173,299,25.25,33.25,2.6,25,265,122,44,16.6,8.15,14.95,14.9,7.65,5.5,9.4,85,11.6,490,14,3.75,20.25,58,314,4,3,57.5,13.85,70,62,299.25,8,26,60.5,4.85,31.5,18.15,49,19.65,13,16.5,250,3.9,159.85,161.98,"4,749.32",122.86
2013-09-16,17,70.5,202,570,120,8.05,16.35,146,23,4.6,16,62.5,24.5,173,298,25,33.25,2.6,24.95,261,122,44.25,16.45,8.05,14.7,14.9,7.65,5.5,9.35,85,11.75,490,14,3.85,20.5,57.25,300,4.15,3,57,13.4,70,61,295,8.1,26,60.5,4.9,31.5,17.45,48,19.6,13,16.25,250,3.95,159.45,161.6,"4,710.36",122.38
2013-09-17,17,71,205,569,124,8,16.3,146,23,4.6,16,64,24,172,299,22.5,33.5,2.5,25.05,260,122,44.75,16.35,8.2,14.35,14.85,7.65,5.5,9.4,85,11.65,490,14,3.85,20.5,57,300,4.2,3,56.5,12.9,70,60.5,298.5,8.15,27,60.5,5,32.5,17.5,48,19.6,13,16.2,250,3.9,160.03,162.14,"4,715.34",122.81
2013-09-18,17.05,71,206,574,125,8.05,16.25,146,23,4.6,16.1,64,24.2,172,300,22.5,33.25,2.5,25,256,122,44.5,16.4,8.1,14.4,14.8,7.65,5.5,9.35,85,11.5,490,14,3.85,21.25,57.25,309,4.2,3,56,13,69.5,60.5,299.5,8.2,25.75,60,5,31,17.5,48,19.65,13,16.2,226,4.05,160.41,162.54,"4,728.03",123.11
2013-09-19,17.1,71.5,206,568,125,8.1,16.15,146,23,4.6,16.1,64,25.6,172,301,22.5,33.5,2.6,25,258,122,45,16.45,8.15,15,14.85,7.65,5.5,9.4,85,11.85,490,14,3.85,21,57.25,303,4.2,3,58,13.7,70.5,60.5,295,8.35,26,60.5,5.1,31,18.2,47.75,19.65,13,16.2,226,3.9,161.47,163.58,"4,745.47",123.8
2013-09-20,17,72,206,568,125,8.15,16.15,142,23,4.55,16.2,64,27.65,173,303,22.5,33.75,2.7,25.2,255,110,45,16.4,8.05,14.95,14.85,7.65,5.5,9.45,85,11.8,490,12.2,3.85,21.25,57.75,303,4.2,3,57.5,13.4,70,60.5,299.75,8.5,26.25,60.5,5,30.75,18.4,48,19.65,13,16.2,226,3.9,162.58,164.68,"4,751.82",124.66
2013-09-23,17.05,72,206,568,125,8.1,16.1,142,21.5,4.5,16.3,64,25.85,173,304,22.5,34.25,2.75,25.3,255,110,44.75,16.3,8.1,14.9,14.7,7.65,5.5,9.35,85,11.7,490,12.2,3.75,21,58,303,4.2,3,58.5,13.2,70.5,60.5,301,8.3,27,60.5,4.9,30.25,18.45,48,19.7,13,16.45,226,4,162.2,164.28,"4,739.42",124.26
2013-09-24,17,72,206,573,125,8,16.1,140,21.5,4.55,16.15,64,25.65,173,307,22.5,34.25,2.6,25.35,266,110,45,16.25,8,14.95,14.55,7.65,5.5,9.35,85,11.75,490,12.45,3.65,20.75,58,305,4.2,3,59,13.1,70.5,61,300.25,8.25,27,60.5,4.75,30,17.75,45,19.65,13,16.45,226,4.05,162.11,164.24,"4,729.30",124.21
2013-09-25,17.05,72,207,570,125,8.1,16.1,140,21.5,4.55,16.1,64,25.75,173,309,22.5,34,2.55,25.65,259,110,46,16.35,8,14.95,14.35,7.65,5.5,9.35,85,11.35,490,13,3.7,20.5,58,303,4,3,59,13.85,70.5,60.5,301.75,8.35,26.75,62,4.7,30,18.5,45.75,19.65,13,16.5,229,4,163.13,165.29,"4,746.71",124.92
2013-09-26,17.05,72,214,573,125,8.05,16.1,140,21.5,4.55,16.1,64,26.3,174,314,22.5,34.25,2.45,25.25,259,110,46.5,16.3,8.35,14.85,14.5,7.65,5.5,9.35,85.5,11.85,490,13.95,3.7,20,58,305,4.15,3,58,13.2,71.5,60.5,296,8.35,26.25,60.5,4.9,30,18.5,45,19.6,13,16.6,232,4,164.06,166.23,"4,764.12",125.5
2013-09-27,17.05,73,214,575,125,8.05,16.2,140,21.5,4.5,16.15,64,26.65,179,318,22.5,34.25,2.55,25.3,258,110,46.5,16.6,8,14.55,14.4,7.65,5.5,9.45,85,11.65,490,14.2,3.65,20.25,58,306,4.25,3,59.5,13.3,71.5,60.5,299.75,8.3,26,62.5,4.9,30,18.5,46,19.75,13,16.75,232,3.9,164.49,166.72,"4,768.03",126.05
2013-09-30,17.05,72.5,214,575,125,8.1,16.35,147,21.5,4.55,16.2,64,27.2,180,329,22.5,34,2.6,25,259,110,46.5,16.5,8,14.4,14.35,7.65,5.5,9.65,85.5,11.9,490,14.8,3.7,20.75,59,313,4.65,3,61,13.3,72.5,60.5,302.5,8.5,26,61,4.95,30,18.45,46.25,19.9,13,16.9,233,3.9,166.21,168.65,"4,793.20",127.35
2013-10-02,17.15,72.5,214,575,125,8.25,16.05,153,21.5,4.65,16.2,66,26.6,181,339,21,33.75,2.6,24.85,259,110,46.5,16.45,8,14.9,14.2,7.65,5.5,10.7,85.5,11.8,490,15,3.65,19.7,58.25,320,4.95,3,60,13.4,72.5,60,300,8.75,26.75,61,4.95,29.25,18.6,46,19.95,13,16.9,233,3.9,168.05,170.63,"4,830.38",128.59
2013-10-03,17.25,73,214,575,125,8.4,16.1,153,21.5,4.6,16.25,65,26.95,180,339,21,33.75,2.7,25.05,261,110,46.5,16.45,8.05,14.95,14.2,7.65,5.5,10.6,85.5,11.7,490,15,3.6,19.95,57.25,329,4.9,3,60,13.3,73.5,59.5,300,8.9,26,61.5,4.95,28.5,19.05,46,19.95,13,17,233,3.9,168.83,171.34,"4,838.07",129.2
2013-10-04,17.3,73,214,575,125,8.7,16.15,154,23.5,4.65,16.45,65,27.05,181,340,22,34.25,2.7,25.4,261,110,47,16.3,8,14.95,14.25,7.65,5.5,10.45,85,11.9,460,14.95,3.55,20,57.75,330,5,3,60,13.3,74.5,59.5,305,8.9,26,64.5,4.95,28.75,20.5,45.25,20,13,17.05,233,3.9,169.78,172.26,"4,841.33",129.9
2013-10-07,17.35,73,210,575,125,8.95,16.1,155,21.5,4.7,16.6,65,27.05,181,341,22,35.5,2.9,26.1,261,110,48.75,16.3,8,14.95,14.35,7.65,5.5,10.45,85,12.05,460,14.8,3.6,20,58,329,4.95,3,61,13.5,77,59.5,303.5,9.1,26.5,65,4.95,28.5,22,45,20.75,13,16.75,234,3.8,172.55,174.94,"4,881.44",131.36
2013-10-08,17.65,73.5,210,575,125,9.05,16.2,157,21.5,4.7,17,66,27.4,181,344,24,37.25,3,26.5,260,110,49.75,16.5,8,14.95,14.4,7.65,5.5,10.45,85,11.95,500,14.8,3.6,20.5,58,329,4.9,3,66,13.85,80,59.5,305,9.4,26,66,4.85,29,23.5,46.5,21,13,17.6,234,3.55,175.96,178.19,"4,930.79",133.6
2013-10-09,18,74,210,575,125,9.45,16.2,156,23.5,4.75,17.1,66,27.95,181,344,25,36.25,2.8,26.7,262,110,49.25,16.6,8,14.85,14.55,7.65,5.5,10.4,86,11.6,500,13.7,3.7,20.5,59,330,4.55,3,66,14.25,81,60,304.75,9.1,26,66.5,4.95,29.25,25,47.5,21.25,13,18,233,3.65,175.01,177.43,"4,946.02",132.82
2013-10-10,18.1,74.5,210,575,115,9.45,16.2,156,23.25,4.75,17.1,66.5,28.2,181,338,23.75,36.25,2.85,26.5,262,112,49.25,16.75,8.3,14.8,14.6,7.65,5.5,10.4,86,11.95,500,14.2,3.75,21,59.25,320,4.85,3,65,13.9,79.5,60,301.75,9,26.5,62,5,29.75,25.25,48.5,21.75,13,17.05,233,3.9,174.14,176.48,,
2013-10-11,18.15,76.5,210,575,114,9.5,16.2,156,24,4.75,17.1,66,28.55,184,337,24.75,36.25,2.8,26.25,261,112,48.5,17,8.35,14.7,14.1,7.65,5.5,10.4,86,12.35,500,14,3.75,20.75,58.5,310,4.85,3,64,13.45,78.5,60,301,9,27.5,65,5,29.75,24.75,47.5,21.5,13,17,226,4.1,173.42,175.76,"4,929.62",131.87
2013-10-14,18.35,75,210,575,114,9.45,16.4,145,24,4.7,17.15,67,28.1,184,323,24.75,36.25,2.8,26.05,263,112,48,17.35,8.5,14.6,14,7.65,5.5,10.45,86,12.4,500,14,3.7,20.5,59.25,322,4.9,3,63.5,13.45,78.5,60,303.25,9.05,27,64,5,28.75,25.25,47,21,13,17.05,225,4.1,172.67,174.55,"4,925.96",131.31
2013-10-15,18.4,75,211,570,114,9.9,16.45,145,23.75,4.7,17.15,66,27.95,184,316,23.25,36,2.7,25.7,262,112,47.25,17.1,8.7,14.6,14.05,7.65,5.5,10.45,88,12.35,500,14.5,3.75,20.5,59.25,321,4.6,3,62.5,13.55,76,59.5,304.25,9.15,26,64.5,4.9,29,25.25,44.75,21.5,13,17,225,3.95,171.91,173.68,"4,934.07",130.9
2013-10-16,18.3,76.5,210,570,116,10.1,16.7,145,23,4.75,17.1,66,28.45,184,315,23.25,35.75,2.95,26.7,265,115,47.75,16.95,8.8,14.55,14.2,7.65,5.5,10.45,88,12.3,500,14.95,3.6,20.5,58.75,320,4.35,3,63,13.5,75.5,59,303.5,9.15,27.5,64,5.1,28.75,26,47.5,21,13,17.1,230,4.05,171.83,173.56,"4,923.47",130.87
2013-10-17,18.4,75,210,570,116,9.95,16.8,145,23,4.75,17.15,66,28.7,185,310,23.25,35.75,2.9,26.7,270,118,48.25,17,8.8,14.75,14.2,7.65,5.5,10.45,87,12.3,500,15.35,3.65,20.75,59,320,4.05,3,64,13.6,75.5,58.5,303.75,9.1,27.5,64,5.1,28.75,26.5,45.25,21.25,13,17.25,228,4,171.68,173.31,"4,919.17",130.67
2013-10-18,18.45,76,212,570,116,9.95,16.75,145,23.5,4.7,17.3,66,28.75,180,315,23,35.75,2.95,26.5,268,120,49,17,9.1,14.8,14.25,7.65,5.5,10.45,87,12.3,500,15.6,3.6,20.5,59.25,320,4.15,3,62.5,13.75,78,58,304.5,9.05,28.5,64,5.2,29.25,27.75,45.25,21.5,13,17.25,233,4,172.73,174.45,"4,948.77",131.32
2013-10-22,18.5,76,210,570,116,10.1,16.75,145,23.5,4.7,17.3,66,28.5,181,317,23.25,35.5,2.85,26.45,270,120,49.5,17,9.25,14.65,14.2,7.65,5.5,10.4,87,12.1,500,15.6,3.65,20.5,59.25,320,4.15,3,61.5,14,76,58,304,8.95,31,65,5.45,29.75,27.5,45,21,13,17.3,226,3.6,172.62,174.36,"4,943.83",131.03
2013-10-23,18.5,76,210,571,116,10.1,16.6,230,23.5,4.65,17.3,69,28.5,180,319,24.5,35,2.95,26.3,271,120,49.5,16.95,9.35,14.75,14.2,7.65,5.5,10.45,87,12.1,500,15.65,3.65,20.5,59.25,319,4.3,3,65.5,14.15,77.5,57.5,304,9,30.5,63.5,5.2,29.25,28,44.75,21.25,13,17.85,230,3.65,172.83,174.62,"4,953.84",131.56
2013-10-24,18.55,76.5,214,574,116,10.15,16.5,215,24,4.6,17.3,69,28.3,177,319,23.25,35,2.8,26.45,275,118,49.5,16.95,9.3,14.6,14.3,7.65,5.5,10.45,86,12.5,500,15.65,3.65,20.25,59,319,4.35,3,66.5,14,77,56.5,304,9,30,64,5.45,29,26.75,45.25,21.25,13,17.95,233,4,172.84,174.59,,
2013-10-25,18.5,76.5,214,574,125,10.15,16.65,213,23.75,4.55,17.35,69.5,28.2,189,314,23.25,34.75,2.85,26.3,275,120,48.75,16.85,9.05,14.65,14.35,7.65,5.5,10.45,86,12.3,500,15.65,3.6,20,59,312,4.3,3,66.5,14,76.5,58.5,304.75,9,29,64,5.3,29.75,26.75,45.25,21.5,13,17.85,231,3.95,171.59,173.29,"4,935.91",131.06
2013-10-28,18.75,77,210,572,120,10.1,16.5,205,23.75,4.6,17.45,69.5,28.95,179,310,24.75,35,2.85,26.25,275,120,48.5,17.05,9.1,14.5,14.25,7.5,5.5,10.45,88,12.05,500,15.8,3.55,20.25,59,320,4.35,3,69.5,13.95,75,58,304.75,9,29,62.5,5.3,29.75,26.5,46,21.5,13,17.95,233,3.95,171.73,173.25,"4,940.32",130.73
2013-10-30,18.7,80,210,573,120,10.15,16.7,208,23.75,4.6,17.6,66.5,30,181,315,23.5,35,2.75,26.75,279,120,48.5,17.35,9.05,14.45,14.25,7.5,5.5,10.45,94,12.3,500,15.8,3.5,20.25,59.25,319,4.35,3,70.5,13.7,76.5,58.5,306,9.25,29,62,5.45,29.75,24.75,45,21,13,18.1,211,3.95,173.18,174.66,,132.03
2013-10-31,18.65,81,214,574,125,10.35,16.7,212,23.75,4.6,17.85,66.5,30.95,182,319,23.5,35.5,2.7,26.9,284,120,48.5,17,8.95,14.45,14.3,7.5,5.5,10.45,94,12.2,500,15.75,3.45,20.25,59.75,319,4.45,3,71,13.95,78,58.5,303.75,9.45,26.5,65,5.5,29.75,24.25,45,21.25,13,18,218,4,174.65,176.15,,
2013-11-01,18.65,80.5,210,575,125,10.65,16.7,215,23,4.65,18.05,70,32.95,180,319,23,35.75,2.6,26.95,285,120,48.5,16.85,8.95,14.45,14.35,7.5,5.5,10.45,94,12.1,500,15,3.45,20,59.75,320,4.5,3,74.5,13.8,80.5,58,303,9.55,27.25,66,5.55,32.5,25.25,45,21.5,13,17.95,211,4,175.59,177.05,,133.87
2013-11-04,18.65,80.5,210,575,125,10.8,17,226,24,4.65,18.2,70.5,33.95,183,321,23.5,34.75,2.65,26.95,289,120,48.75,16.85,8.7,14.5,14.5,7.5,5.5,10.5,86,12.35,500,15.4,3.45,20.25,59,314,4.55,3,76,13.9,81,58,303.25,9.7,28.25,66,5.55,30,25.25,45,21.5,13,17.9,211,3.95,175.67,177.2,,134.27
2013-11-05,18.6,82,214,575,124,10.8,16.85,235,24,4.6,18.2,70.5,33.65,184,322,23,34.75,2.65,27.4,286,120,48.75,16.7,8.55,14.95,14.5,7.5,5.5,10.55,86,12.3,500,15,3.35,20.25,59.25,312,4.55,3,73,13.85,80.5,57,304,9.65,29.5,66,5.6,30,25.25,44,21.5,13,18.45,211,4,175.37,176.96,,134.26
2013-11-06,18.5,82.5,215,580,125,10.55,17,240,24,4.65,18.35,70.5,32.85,185,324,23.25,34.75,2.7,27.75,288,120,48.25,16.55,8.55,15.1,14.55,7.5,5.5,11.3,94,12.5,500,15,3.3,20.5,59.25,314,4.55,3,74.5,13.9,82,56,304.25,9.7,29.5,65.5,5.55,30,24.5,45,21.5,13,18.5,215,4,175.4,177.05,,134.7
2013-11-07,18.55,84.5,214,577,125,10.2,17.45,260,24,4.55,18.4,69.5,32.05,189,324,23.25,34.25,2.7,27.65,288,120,47.5,16.45,8.7,15.45,14.7,7.5,5.5,12.35,94,12.9,500,15.05,3.4,20.5,59,313,4.35,3,76.5,13.7,82,56,305.75,9.85,27,66.5,5.6,30,25.25,46,21.25,13,18.7,214,4,175.32,177.02,,
2013-11-08,18.6,86,212,580,127,10.3,17.45,254,24,4.6,18.35,70.5,30.3,189,323,23.25,34.25,2.9,27.5,286,120,46.25,16.3,8.8,15.85,14.8,7.5,5.5,12.95,87,13,500,15,3.45,21.5,59.25,313,4.35,3,78,13.55,82,58,305.75,9.75,27,65,5.55,30,24.25,45,21.5,13,18.7,214,3.65,174.41,176.25,,134.71
2013-11-11,18.5,86,212,580,127,10.25,16.95,242,25,4.55,18,70.5,30.55,188,321,23.5,34.25,2.75,27.45,287,121,46.5,15.85,8.8,16.3,14.85,7.5,5.5,12.85,94,13,500,15,3.45,22.75,59.25,312,4.3,3,78,13.5,81,59.5,305.75,9.8,27,69.5,5.55,29.75,23.75,44,21.25,13,19,214,4,174.14,175.99,,134.52
2013-11-12,18.5,85.5,214,581,127,10.35,16.9,242,25,4.75,17.65,68,31.4,187,319,23.25,34.5,2.75,27.45,287,121,46.5,15.75,9,16.7,14.85,7.5,5.5,13.4,88,12.8,500,15.15,3.6,23,59,313,4.2,3,79,13.55,81.5,59,307.75,9.8,27.25,69.5,5.65,29.75,25,45,21,13,19,214,3.9,174.17,176.09,,134.64
2013-11-13,18.5,84.5,214,578,127,10.3,16.9,240,26,4.75,17.65,68,31.85,185,319,23.5,34.75,2.8,27.65,288,121,46.5,15.7,8.9,16.75,14.95,7.5,5.5,14.05,88,12.7,500,15.2,3.5,22.75,59,310,4.5,3,76,13.55,82,58.5,307.5,9.8,27.5,69,5.2,29.75,25.75,45,21,13,19.15,220,3.65,174.39,176.26,,134.69
2013-11-14,18.6,85,215,575,127,10.9,16.95,235,26,4.7,17.85,68,31.7,189,320,25.25,35,2.9,28.05,288,125,46.5,15.75,8.95,16.45,14.95,7.5,5.5,13.4,94,12.65,500,15.45,3.45,22.25,59.25,310,4.6,3,76,14.15,82,58,307,9.85,27.5,69.5,5.55,30,25.75,45,20.75,13,19.05,211,3.95,175.02,176.84,,
2013-11-15,18.55,85.5,214,577,127,11,16.95,231,26.5,4.7,17.9,68.5,31.45,189,319,25.25,35.25,2.95,28.45,290,125,46,16.05,9,16.25,15.15,7.5,5.5,13.05,94.5,12.95,500,14.05,3.5,22.25,59.5,312,4.6,3,75.5,13.9,82,57.5,307.5,9.85,27.5,75,5.6,29.75,25,44.25,20.5,13,19.3,212,3.95,174.92,176.73,,135.13
2013-11-18,18.55,84.5,212,575,127,11,16.7,40,26.5,4.7,17.95,69,31.45,189,319,25,36,2.95,29.05,291,125,46.5,16.3,8.95,16.25,15.15,7.5,5.5,13.35,95.5,13.75,500,14.1,3.5,22.25,59.75,312,4.5,3,76,13.85,82.5,57.5,307,9.9,29,75.5,5.6,29.75,24.5,44.25,20.5,13,19.2,233,3.6,176.01,177.77,,135.57
2013-11-19,18.5,85,210,581,126,11.25,16.5,38.25,26.5,4.75,17.95,68.5,31.4,188,320,25,35.5,2.95,28.75,293,125,47,16.3,8.95,16.45,15.05,7.5,5.5,13.1,93,13.6,500,14.1,3.5,22.75,59.5,314,4.1,3,76,14.4,82.5,57,307.25,9.95,29,75,5.6,29.25,24,44.5,20.25,13,18.9,223,3.6,176.1,177.85,,135.67
2013-11-20,18.5,84.5,210,575,126,12.1,16.6,38.5,25,5.05,18,68.5,31.2,188,320,25,35.5,2.8,29,294,125,47.5,16.6,8.9,16.35,14.8,7.5,5.5,12.95,90.5,14.25,500,14.1,3.45,23,59.5,312,4.1,3,76,13.65,83,57,306.5,10.05,29.75,81,5.75,28,25.25,45,20.25,13,18.95,223,3.8,176.83,178.6,"5,024.08",136.26
2013-11-21,18.55,86,209,576,126,12.85,17.4,39.75,27,5.5,18.25,70.5,31.15,190,311,25,35.25,2.75,29.4,303,123,48.75,16.6,9.05,16.7,15,7.5,5.5,12.45,90,14.9,500,14.05,3.4,23.5,59.75,310,4.15,3,76,13.85,84,57,309.25,10.6,27.75,85,5.55,28.5,25,44,20.75,13,18.85,216,4,178.79,180.3,"5,053.91",138.14
2013-11-22,18.5,85,210,576,126,13.2,16.95,43.5,27,5.35,18.5,71.5,31.1,191,314,24,35,2.65,29.65,297,123,48.75,16.75,9.05,16.6,14.95,7.5,5.5,12.5,90,14.5,500,14,3.3,24,60,311,4.1,3,76,14.4,83,57,310,10.75,29,87,5.55,29.5,24,45.25,20.25,13,18.65,217,3.95,179.62,181.05,"5,054.21",138.83
2013-11-25,18.5,85.5,210,577,126,14.75,16.9,47.5,28,5.4,18.5,75,30,191,318,25,35,2.7,29.75,297,125,49,16.75,9.15,16.75,14.8,7.5,5.5,12.6,90,15.3,500,14,3.35,25,60.25,313,4.1,3,76,14.2,83.5,57,312,10.9,28.5,92.5,5.45,29.75,24.25,45,20.25,13,18.5,217,3.95,181.01,182.55,"5,068.36",140.08
2013-11-26,18.5,87.5,210,590,126,15.45,16.55,52,28,5.75,18.5,79.5,30.5,190,321,23.25,35,2.75,29.8,297,125,48.75,16.55,9.2,16.7,14.95,7.5,5.5,13,90,15.6,500,13.85,3.4,26.5,60.25,319,4.2,3,76.5,14.45,85,57,317,11,28.25,97,5.5,29.5,24.5,46,18.5,13,18.95,226,3.95,181.81,183.4,"5,085.83",141.08
2013-11-27,18.45,89.5,210,598,126,16.35,16.95,56.5,28,5.95,18.6,76,31.35,191,324,23.25,35.25,2.85,30.2,299,125,48.5,16.25,9.15,16.6,15,7.5,5.5,13.75,90,15.75,500,12.95,3.4,28,60,319,3.8,3,80,14.35,85,56.5,319,11,28,96.5,5.65,30,24.75,46,20,13,19.5,233,3.95,182.6,184.4,"5,125.74",141.86
2013-11-28,17.75,92,210,600,126,15.75,17.1,61.5,27.25,5.95,18.65,75.5,31.8,194,322,23.25,35.5,2.85,31.05,300,125,48.5,15.8,9.3,16.55,15,7.5,5.5,13.95,90,15.6,500,12.65,3.4,28.5,61.5,319,3.9,3,79.5,14.4,89,58,325,11,29.25,88.5,5.45,29.5,26,46.5,20,13,18.75,233,3.9,181.66,183.5,"5,137.21",142.58
2013-11-29,17.5,90,210,579,126,14.25,16.9,67,28,5.7,18.4,75.5,31.7,195,325,23.25,35.5,2.85,31.3,300,126,48,16.3,9.4,16.5,15,7.5,5.5,13.55,91.5,15.5,500,12.6,3.4,27.5,62,320,3.9,3,79,14.05,87,56.5,316.5,10.8,28,81,5.5,29.5,25.25,46.5,20.25,13,18.55,233,3.75,180.21,182.17,"5,100.88",141.17
2013-12-02,17.6,90.5,211,579,125,14.25,17.65,73,28,5.55,18.3,75.5,31.6,195,326,23.25,35,2.95,31.55,300,126,46.75,15.95,9.5,16.4,14.9,7.5,5.5,13.65,89,14.7,500,12.5,3.4,26.75,62,320,3.95,3,80,14,85,55,310.25,10.85,28,83,5.55,29.5,25.5,46.75,20.25,13,18.05,233,3.65,179.46,181.52,"5,072.87",140.84
2013-12-03,17.55,91,210,577,120,15.45,17.45,68.5,28,5.65,18,75.5,32.15,196,325,23.25,35,3,32.7,300,126,46.5,15.85,9.55,16.35,15,7.5,5.5,13.9,91,14.7,500,13.7,3.4,27,61.75,320,4.25,3,80,14.35,85,54.5,308.75,10.8,28,89.5,5.6,29.25,24.75,46.25,19.95,13,18.15,233,3.65,179.26,181.4,"5,076.47",140.66
2013-12-04,17.55,90.5,209,571,120,15,17.05,62,27,5.65,18,75,34.55,195,318,25,34.25,2.85,32.9,299,126,46,15.8,9.4,16.35,14.85,7.5,5.5,13.85,91,14.6,500,13.7,3.35,27,62,319,4,3,81,14.45,85.5,54.5,307.75,10.75,28,89.5,5.5,29.75,25.75,46.25,19.85,13,18.1,233,3.65,177.8,179.84,"5,042.94",139.86
2013-12-05,17.75,90,200,600,124,15.25,17,56,27,5.65,18.1,75,34.95,195,311,25,34,2.85,31.9,299,129,45.5,15.65,9.35,16.35,14.55,7.5,5.5,13.65,91,14.7,500,13.7,3.4,27.75,62.25,320,4,3,83.5,14,85.5,53.5,307,10.35,27.25,90.5,5.4,30,24.75,47.5,19.9,13,17.85,232,3.65,175.66,177.67,"5,005.45",137.91
2013-12-06,17.6,90,200,600,124,15,16.95,51.5,28,5.6,18.1,75,34.1,195,301,26,33.5,2.75,31.65,290,129,45,15.65,9.2,16.45,14.45,7.5,5.5,13.6,90,14.7,500,13.7,3.35,28,62,319,4.15,3,84,14,84,54.5,303,10.35,28,84.5,5.5,29.75,24.75,47,19.6,13,17.85,232,3.95,173.85,175.64,"4,976.77",136.7
2013-12-09,17.7,86.5,200,582,125,15,16.7,49,28,5.5,18.1,75,32.85,194,299,27.25,33.5,2.7,31.85,290,129,44.75,15.6,9.25,16.3,14.5,7.5,5.5,13.75,90,14.25,500,13.7,3.4,28.5,61.75,320,4,3,86.5,14,83,54.5,302,10.35,28.5,86.5,5.15,29.5,24.75,46.75,19.9,13,17.5,230,4,173.54,175.33,"4,969.32",136.22
2013-12-10,17.7,85,200,571,122,15,16.75,50,28,5.3,18,75,32.5,193,290,26,33.5,2.75,31.65,291,130,44.5,15.6,9.05,15.85,14.5,7.5,5.5,13.65,90,13.75,500,13.1,3.4,28.25,60,320,4,3,85,14.95,83.5,53.5,298,10.2,27.75,85,5.15,28.5,24.25,46,19.95,13,17.55,228,4,171.66,173.24,"4,943.64",134.62
2013-12-11,17.6,85,200,564,125,14.95,16.65,49.75,28,5.35,17.9,75,32.45,191,294,25,33.25,2.7,31.55,291,130,44.75,15.35,9,15.8,14.4,7.5,5.5,13.55,90,13.65,500,13.1,3.35,27.75,60,320,4.1,3,85.5,14.75,83,53,286.25,10.05,28,85,5.35,28.5,23.25,45.75,20,13,17.55,228,3.95,171.36,173.06,"4,913.55",133.92
2013-12-16,17.55,84.5,200,577,125,14.55,16.45,50,27,5.25,17.8,75,32,192,291,25,33.25,2.7,31.75,292,130,45,15.15,8.9,15.65,14.5,7.5,5.5,13.55,90,13.3,500,13.1,3.35,27,60.75,320,4.2,3,83,15.3,81.5,51.5,294,10,28,83,5.35,29,23.75,46.25,19.9,13,17.55,230,3.95,170.62,172.25,"4,912.36",133.53
2013-12-17,17.15,84.5,200,590,125,14.5,16.55,48.25,28,5.4,17.6,76,33.75,192,289,25,33,2.7,31.5,285,135,44.75,15.3,9,15.45,14.55,7.5,5.5,12.8,95,13.7,500,12.45,3.3,26.5,60.75,317,4.15,3,78,14.4,82,51.5,286.5,9.85,27,83,5.3,28.75,22.25,46,19.65,13,17.65,230,3.65,169.05,170.68,"4,876.05",132.14
2013-12-18,17.15,85,195,584,122,14.45,16.4,49.5,28,5.4,17.65,76,32.7,191,289,25,32.25,2.75,31.2,285,135,44.25,15.45,9,15.45,14.35,7.5,5.5,12.5,95,13.55,500,13.55,3.3,26.25,60,319,4.1,3,78,14.75,82,50,284.75,9.9,25.25,83,5.35,28.75,22.5,45.25,19.55,13,17.95,226,3.65,168.52,170.17,"4,855.50",132.23
2013-12-19,17.25,87.5,195,584,122,14.45,16.05,49.75,28,5.5,17.7,76,33.25,183,290,23,32.25,2.7,31,285,135,44.5,14.6,9.05,15.45,14.35,7.5,5.5,12.65,95.5,13.45,500,13.5,3.3,26.5,59,309,4.1,3,76.5,14.7,82,50,284.75,10,25.75,83,5.05,28,21.75,45.25,19.5,13,17.95,226,3.75,168.47,170.17,"4,849.30",132.06
2013-12-20,17.4,90,195,589,125,14.45,16.2,49.75,28,5.65,17.75,76,32.65,190,289,23.75,31.5,2.8,30.95,285,135,44.5,14.2,9.4,15.35,14.3,7.5,5.5,12.8,95.5,13.6,500,13.15,3.25,26.5,58,310,4.25,3,76,15.2,81.5,46.25,282.5,10.05,26,86,5.3,28.5,22,45.5,20,13,17.6,226,3.75,168.08,169.86,"4,851.06",132.17
2013-12-23,17.8,89.5,195,590,126,14.45,16.5,50,28,5.55,17.7,75,32.3,189,289,23.75,31,2.7,31,285,125,44.5,14,9.45,15.25,13.85,7.5,5.5,12.75,95,14.2,500,13.25,3.25,26.75,57.25,310,4.1,3,76,14.65,82,50,284.25,10.25,27,86,5.25,28.25,23.75,44.75,19.7,13,17.9,225,3.95,168.11,169.89,"4,851.84",132.73
2013-12-24,17.75,89.5,195,595,125,14.6,16.7,50,30,5.65,17.65,75,32.25,189,289,23.75,31,2.8,31,299,125,46.25,13.85,9.5,15.2,14,7.5,5.5,12.6,95,14.25,500,13.55,3.3,27.5,58,320,4.1,3,75.5,14.55,84,50,285,10.85,27,89,5.1,28.25,25,45,19.6,13,17.95,225,4,171.53,173.26,"4,885.87",135.22
2013-12-27,17.75,89,194,595,125,14.65,17.4,50,30,5.85,17.75,75,32.6,190,290,23.75,30.75,2.7,31.85,299,125,46.75,13.75,9.4,15.65,14,7.5,5.5,12.9,95,15,500,13.5,3.3,27.25,58,310,4.1,3,69,14.75,87,51,286,10.75,26,88,5.3,28.25,25.75,45,19.6,13,18,230,3.9,171.66,173.47,"4,886.52",135.12
2013-12-30,17.6,90.5,194,595,125,14.9,17.3,51.5,30,5.9,17.7,75,33.05,190,289,23.75,31.25,2.7,31.4,290,125,47.5,13.65,9.45,15.55,14.1,7.5,5.5,12.85,95,15.2,500,13.5,3.25,28.25,59.25,310,4.4,3,69,14.7,89,49.25,286.5,10.85,26,88,5.15,29.75,25.75,46.75,19,13,17.95,230,3.9,172.84,174.56,"4,874.29",135.83
2013-12-31,17.6,90,210,600,125,15.15,16.75,51.5,30,5.9,17.75,75,33.1,192,290,23.75,30.75,2.7,31.6,280,125,47.25,13.55,10.1,15.5,14.15,7.5,5.5,13.05,95,15.05,500,13.5,3.25,28.75,60.25,314,4.55,3,69,14.65,87,48.25,304.75,10.85,26,90,5.25,28.75,25,45.5,19.45,13,18,250,3.9,172.4,174.27,"4,926.97",136.65
