Date,ABSA,AMAC,ARM,BAMB,BAT,BKG,BOC,BRIT,CABL,CARB,CGEN,CIC,COOP,CRWN,CTUM,DCON,DTK,EABL,EGAD,EQTY,EVRD,FTGH,GLD,HAFR,HBE,HFCK,IMH,JUB,KAPC,KCB,KEGN,KNRE,KPLC,KPLC-P4,KPLC-P7,KQ,KUKZ,KURV,LAPR,LBTY,LIMT,LKL,MSC,NBV,NCBA,NMG,NSE,OCH,PORT,SASN,SBIC,SCAN,SCBK,SCOM,SGL,SKL,SLAM,SMER,SMWF,TCL,TOTL,TPSE,UCHM,UMME,UNGA,WTK,XPRS,^N10I,^N20I,^N25I,^NASI,^NBDI,^NBSI,^ZKEQTK,^ZKEQTU
2025-01-02,18.85,70.0,5.55,55.0,376.25,35.0,88.75,5.82,1.06,20.35,25.0,2.14,17.45,33.9,10.2,0.45,66.75,175.5,12.0,48.0,1.17,0.96,3260.0,0.37,4.66,4.6,36.0,174.75,239.25,42.4,3.75,1.35,5.18,4.0,6.0,3.83,392.5,1500.0,20.0,6.7,350.0,2.3,0.27,2.01,51.0,14.4,5.9,2.81,29.05,15.0,139.75,2.51,285.25,17.2,4.99,,4.95,2.44,,0.4,20.35,15.85,0.16,16.7,15.0,224.75,3.6,1327.4,2058.67,3457.87,125.34,1108.71,,2547.58,1697.07
2025-01-03,19.0,70.0,5.55,55.5,371.75,35.0,88.75,5.64,1.05,19.6,24.25,2.15,17.65,35.55,10.95,0.45,67.0,176.5,12.0,48.0,1.06,0.98,3260.0,0.35,4.66,4.74,36.15,175.25,235.0,42.8,3.89,1.41,5.42,4.0,6.0,3.83,392.5,1500.0,20.0,6.58,350.0,2.3,0.27,2.01,50.75,14.85,5.9,2.73,30.7,15.25,144.25,2.31,291.25,17.35,5.0,,4.82,2.65,,0.4,21.5,15.0,0.16,16.75,14.4,224.75,3.44,1335.89,2088.97,3483.67,126.36,1108.69,,2564.79,1708.53
2025-01-06,18.85,70.0,5.55,55.25,372.75,35.0,86.0,6.16,1.06,19.25,24.0,2.19,17.65,32.0,10.25,0.45,68.5,179.0,12.0,47.8,1.12,1.0,3260.0,0.36,4.66,4.83,36.1,189.5,235.0,42.9,3.97,1.38,5.86,4.0,6.0,4.05,392.5,1500.0,20.0,6.26,350.0,2.3,0.27,2.01,49.2,14.0,6.16,2.87,28.25,14.9,145.5,2.54,295.5,17.6,4.51,,5.18,2.67,,0.41,20.65,15.0,0.16,17.0,15.1,224.5,3.5,1336.77,2095.88,3494.82,127.28,1109.18,,2578.16,1716.78
2025-01-07,18.5,70.0,5.55,55.0,373.5,34.85,86.0,6.56,1.06,19.55,25.15,2.27,17.8,33.1,10.05,0.45,68.25,177.75,11.65,47.95,1.1,0.96,3260.0,0.37,4.66,4.99,36.55,190.0,235.0,43.0,4.24,1.38,6.44,4.0,6.0,4.33,392.5,1500.0,20.0,6.26,350.0,2.3,0.27,2.0,49.95,14.0,6.3,2.72,29.5,16.0,156.75,2.65,300.25,17.7,4.65,,4.82,2.55,,0.4,20.8,15.0,0.17,17.35,15.4,224.0,3.38,1338.87,2132.26,3520.92,128.43,1109.52,,2579.72,1716.49
2025-01-08,18.8,70.0,5.55,54.5,374.5,34.9,86.25,7.08,1.05,19.25,24.0,2.29,17.8,32.0,10.45,0.45,68.5,179.5,11.65,47.6,1.15,0.96,3260.0,0.36,4.66,5.3,35.4,190.0,233.0,42.8,4.13,1.39,6.98,4.0,6.0,4.76,392.5,1500.0,20.0,6.6,350.0,2.3,0.27,2.0,49.25,13.55,6.62,2.94,28.35,16.0,156.0,2.71,302.5,17.8,4.95,,5.08,2.75,,0.41,21.0,15.45,0.17,17.45,15.4,222.0,3.15,1340.58,2145.52,3522.61,128.93,1109.82,,2586.9,1723.26
2025-01-09,18.8,70.0,5.55,54.25,372.75,34.95,86.25,6.54,1.09,19.2,24.0,2.33,17.35,32.0,10.5,0.45,69.75,176.0,11.65,47.6,1.16,0.95,3260.0,0.34,4.66,5.38,35.05,190.0,232.75,42.9,4.32,1.44,7.4,4.0,6.0,5.22,392.5,1500.0,20.0,6.5,350.0,2.35,0.27,2.07,49.1,13.2,6.5,2.9,28.0,15.95,156.5,2.74,293.25,17.95,4.77,,5.06,2.6,,0.43,20.8,16.25,0.17,17.4,16.0,221.25,3.1,1335.86,2142.52,3508.57,128.97,1109.79,,2575.13,1712.12
2025-01-10,19.1,70.0,5.55,54.0,370.25,35.0,86.25,6.58,1.1,19.35,24.0,2.32,16.6,32.0,10.8,0.45,70.0,179.5,12.0,47.5,1.12,0.97,3260.0,0.36,4.66,5.8,33.95,190.5,232.75,43.3,4.3,1.53,6.94,4.0,6.0,5.74,400.0,1500.0,20.0,7.14,350.0,2.45,0.27,2.11,48.45,13.55,6.76,2.99,27.5,16.05,157.0,2.89,300.0,18.1,4.71,,5.12,2.7,,0.44,20.9,16.25,0.18,17.05,17.0,222.0,3.1,1338.17,2145.27,3511.33,129.64,1107.13,,2600.85,1734.57
2025-01-13,18.7,70.0,5.55,54.75,366.25,35.0,86.25,7.0,1.14,19.3,24.0,2.35,16.55,31.2,10.9,0.45,68.75,175.75,12.0,47.8,1.16,0.96,3260.0,0.35,4.66,6.36,34.55,194.5,232.75,43.45,4.28,1.63,6.28,4.0,6.0,6.3,400.0,1500.0,20.0,7.12,350.0,2.5,0.27,2.0,47.35,13.6,6.84,3.0,26.15,15.7,150.75,2.77,299.75,18.2,4.8,,5.02,2.61,,0.44,21.05,15.8,0.19,16.85,17.0,221.25,3.1,1332.06,2142.3,3494.13,129.66,1101.35,,2591.95,1723.3
2025-01-14,18.45,70.0,5.55,57.75,370.25,35.0,86.25,7.12,1.12,19.7,26.0,2.38,16.45,31.05,11.0,0.45,68.5,178.5,10.85,48.35,1.12,1.0,3260.0,0.36,4.66,6.9,34.4,192.0,236.25,43.45,4.18,1.73,6.46,4.0,6.0,6.92,400.0,1500.0,20.0,6.54,332.0,2.31,0.27,2.0,47.15,13.75,6.78,3.0,25.4,15.3,146.5,2.88,295.75,18.1,5.02,,5.14,2.57,,0.45,21.1,16.0,0.19,17.0,17.0,220.0,3.1,1333.78,2156.21,3492.58,129.73,1101.37,,2595.91,1725.93
2025-01-15,17.2,70.0,5.55,57.5,370.5,34.8,86.25,7.46,1.13,19.75,24.1,2.47,15.85,31.05,11.2,0.45,68.25,177.5,10.85,48.0,1.21,1.0,3260.0,0.39,4.66,7.52,34.0,194.75,236.25,43.3,4.16,1.67,6.96,4.0,6.0,7.6,395.0,1500.0,20.0,6.5,332.0,2.5,0.27,2.02,47.25,13.25,6.74,3.0,25.9,15.45,144.5,2.82,289.25,18.25,5.0,,5.18,2.5,,0.46,20.75,15.25,0.18,17.25,17.0,218.75,3.1,1317.64,2148.56,3456.68,129.47,1100.96,,2568.1,1707.44
2025-01-16,17.0,70.0,5.55,57.0,370.0,34.0,86.25,7.36,1.14,19.5,24.1,2.41,15.7,32.65,11.0,0.45,68.5,180.0,11.9,48.45,1.17,0.99,3260.0,0.37,4.66,8.22,33.6,196.75,236.25,43.15,4.13,1.63,7.0,4.0,6.0,8.36,395.0,1500.0,20.0,7.12,332.0,2.5,0.27,2.04,47.45,13.45,6.34,3.0,27.2,15.15,140.0,2.83,282.5,18.6,5.0,,5.6,2.4,,0.48,21.35,15.25,0.18,17.35,17.0,215.0,3.1,1325.18,2132.99,3463.12,130.45,1101.31,,2576.63,1713.11
2025-01-17,17.15,70.0,5.55,57.0,370.0,34.95,86.0,7.46,1.12,19.05,24.1,2.53,16.2,33.0,10.9,0.45,66.25,180.25,11.9,48.5,1.21,0.96,3260.0,0.39,4.66,8.98,33.2,194.25,232.0,42.95,4.14,1.66,6.98,4.0,6.0,8.5,395.0,1500.0,20.0,7.2,314.0,2.32,0.27,2.1,47.65,13.55,6.72,3.01,27.9,15.1,140.25,2.81,280.25,18.6,5.0,,6.1,2.54,,0.5,21.95,15.05,0.19,17.1,17.0,216.0,3.1,1330.92,2146.86,3470.62,130.79,1102.52,,2575.36,1712.27
2025-01-20,17.25,70.0,5.55,56.75,370.0,35.0,86.0,7.84,1.13,19.8,22.25,2.68,16.25,33.0,11.8,0.45,69.0,180.25,11.9,48.45,1.15,0.99,3260.0,0.37,4.66,8.96,32.6,194.0,235.0,43.1,4.14,1.67,6.86,4.0,6.0,7.66,395.0,1500.0,20.0,7.3,314.0,2.5,0.27,2.07,48.85,13.7,6.4,3.12,27.2,14.8,141.5,2.88,279.25,18.9,4.54,,6.18,2.54,,0.55,20.65,15.0,0.2,17.0,17.8,217.25,3.1,1340.44,2170.89,3491.94,131.53,1104.53,,2585.01,1720.68
2025-01-21,17.2,70.0,5.55,56.25,369.75,34.95,86.0,8.0,1.2,19.7,22.05,2.59,16.05,33.0,12.0,0.45,69.25,183.0,12.1,48.75,1.22,0.99,3260.0,0.4,4.66,9.42,33.3,192.0,240.0,43.6,4.13,1.7,6.6,4.0,6.0,6.9,395.0,1500.0,20.0,7.2,314.0,2.61,0.27,2.09,48.1,13.35,6.44,3.03,27.5,14.9,142.75,3.0,281.0,19.0,4.84,,6.24,2.54,,0.72,21.35,14.5,0.21,16.95,16.05,215.25,3.4,1345.21,2169.42,3507.54,131.83,1108.88,,2604.44,1733.61
2025-01-22,17.45,70.0,5.55,56.5,369.5,33.5,86.0,8.08,1.32,19.8,22.05,2.53,16.05,33.15,12.1,0.45,70.0,184.75,12.1,49.15,1.24,1.05,3260.0,0.4,4.66,8.96,34.7,200.0,240.0,44.05,4.05,1.7,6.48,4.0,6.0,6.22,395.0,1500.0,20.0,7.3,314.0,2.65,0.27,2.06,49.0,13.1,6.44,3.2,25.2,14.9,138.25,2.99,281.5,18.9,4.84,,6.2,2.5,,0.79,21.95,15.0,0.23,17.0,17.65,216.0,3.32,1353.39,2165.73,3529.74,131.73,1110.91,,2620.09,1744.03
2025-01-23,17.55,70.0,5.55,56.25,370.0,35.55,80.5,8.24,1.45,19.9,22.05,2.55,16.2,33.0,11.85,0.45,69.75,189.5,12.1,48.9,1.22,1.15,3260.0,0.41,4.66,8.98,34.9,202.5,240.0,45.35,4.15,1.7,6.48,4.0,6.0,5.6,395.0,1500.0,20.0,7.38,314.0,2.52,0.27,2.0,49.6,13.1,6.5,3.2,25.05,14.95,140.0,2.86,285.0,18.9,5.0,,6.76,2.54,,0.86,22.5,15.0,0.23,16.85,18.65,215.5,2.99,1365.5,2186.9,3560.14,132.43,1111.32,,2650.78,1765.82
2025-01-24,17.9,70.0,5.55,55.0,368.0,35.05,80.5,8.44,1.59,19.9,22.0,2.6,16.2,33.0,11.45,0.45,69.75,193.25,13.0,48.7,1.24,1.26,3260.0,0.45,4.66,8.12,34.9,203.25,240.0,45.8,4.16,1.7,6.36,4.0,6.0,5.36,395.0,1500.0,20.0,7.1,314.0,2.6,0.27,2.11,49.05,13.3,6.48,3.2,24.9,15.0,138.0,2.97,286.5,18.9,5.0,,7.04,2.53,,0.93,21.85,15.5,0.24,16.8,18.7,215.0,2.99,1371.49,2185.88,3569.73,132.48,1110.97,,2669.4,1778.22
2025-01-27,17.95,70.0,5.55,56.5,369.5,34.4,80.5,8.54,1.73,20.0,24.1,2.63,16.3,33.0,12.0,0.45,69.75,193.5,13.65,48.55,1.22,1.3,3260.0,0.49,4.66,7.44,35.05,200.5,240.0,45.35,4.12,1.7,6.4,4.0,6.0,5.1,395.0,1500.0,20.0,7.38,314.0,2.7,0.27,2.2,49.75,13.3,6.48,3.28,26.25,15.15,139.0,2.97,283.0,18.8,5.0,,6.84,2.61,,0.99,22.55,14.0,0.23,17.0,19.6,214.75,2.99,1370.9,2195.12,3570.86,132.11,1111.56,,2658.28,1770.81
2025-01-28,17.9,70.0,5.55,58.0,368.25,34.4,80.5,8.46,1.9,19.7,24.7,2.65,16.4,30.2,11.35,0.45,69.5,194.0,13.5,48.5,1.25,1.41,3260.0,0.53,4.66,7.28,35.15,205.0,240.0,45.1,4.1,1.71,6.36,4.0,6.0,5.42,395.0,1500.0,20.0,6.74,314.0,2.74,0.27,2.21,49.5,13.3,6.44,3.32,28.85,15.0,139.25,2.81,283.0,18.85,5.04,,6.32,2.71,,1.05,21.25,14.9,0.24,17.05,20.1,214.0,3.25,1370.37,2190.92,3569.94,132.28,1107.29,,2655.76,1769.82
2025-01-29,17.95,70.0,5.55,57.0,368.0,35.85,80.5,8.16,2.05,19.9,24.7,2.7,16.45,30.0,11.9,0.45,69.5,195.0,13.5,48.35,1.22,1.47,3260.0,0.58,4.66,6.98,35.0,205.0,240.0,44.65,4.08,1.7,6.44,4.0,6.0,5.36,395.0,1500.0,20.0,6.56,314.0,2.8,0.27,2.11,48.75,13.8,6.46,3.27,27.45,15.05,139.0,2.85,281.5,18.3,4.98,,6.28,2.57,,1.12,21.1,15.0,0.25,16.9,19.55,214.75,3.5,1360.17,2194.57,3544.38,130.66,1113.62,,2636.19,1756.78
2025-01-30,17.95,63.0,5.55,57.0,363.75,35.85,86.0,8.06,2.25,19.9,22.45,2.73,16.45,30.0,11.35,0.45,70.0,191.0,13.0,47.65,1.26,1.61,3260.0,0.63,4.66,6.82,34.8,199.5,240.0,43.75,4.1,1.68,6.78,4.0,6.0,5.2,434.0,1500.0,20.0,6.58,330.0,2.8,0.27,2.13,48.6,13.85,6.6,3.4,29.0,15.0,138.5,3.04,280.75,17.7,5.0,,6.7,2.54,,1.23,22.75,15.0,0.26,16.9,18.3,214.75,3.5,1338.23,2181.86,3496.44,128.48,1114.12,,2590.39,1727.6
2025-01-31,17.95,56.75,5.55,59.25,362.5,34.85,86.0,7.26,2.47,19.75,23.05,2.72,16.55,31.45,10.7,0.45,70.0,180.5,13.0,47.2,1.21,1.77,3260.0,0.69,4.66,6.7,33.7,200.0,240.0,42.75,4.21,1.67,7.56,4.0,6.0,5.4,434.0,1500.0,20.0,6.58,330.0,2.75,0.27,2.05,48.5,13.9,6.36,3.58,27.0,14.95,139.0,3.32,278.5,17.2,5.0,,7.08,2.79,,1.35,21.9,15.1,0.28,16.9,19.85,214.75,3.5,1312.58,2162.58,3436.04,128.28,1115.3,,2532.5,1687.68
2025-02-03,18.0,56.75,5.55,57.0,361.75,34.85,86.0,6.64,2.71,19.9,22.9,2.76,16.5,31.0,11.15,0.45,69.5,179.25,13.0,48.0,1.31,1.93,3260.0,0.75,4.66,7.32,35.0,200.0,238.75,43.45,4.48,1.61,7.08,4.0,6.0,5.48,430.0,1500.0,20.0,6.6,330.0,2.9,0.27,2.02,48.35,13.85,6.38,3.58,27.95,14.95,140.75,3.38,277.25,17.6,5.38,,6.54,3.05,,1.48,21.2,15.1,0.3,16.8,20.15,215.0,3.5,1325.06,2159.74,3464.7,127.71,1118.48,,2556.32,1703.55
2025-02-04,17.9,56.75,5.55,55.75,361.75,36.0,80.0,6.94,2.98,19.95,22.9,2.81,16.3,31.0,11.25,0.45,69.5,179.5,12.5,48.0,1.44,2.12,3260.0,0.82,4.66,7.94,34.6,200.0,240.0,44.55,4.73,1.67,7.0,4.0,6.0,5.48,430.0,1500.0,20.0,7.12,330.0,3.09,0.27,2.12,48.5,13.65,6.48,3.65,27.8,15.0,145.0,3.52,279.75,17.85,5.88,,6.54,3.35,,1.62,21.2,15.3,0.32,16.9,20.0,212.0,3.5,1332.0,2181.38,3484.6,128.96,1120.9,,2578.45,1718.97
2025-02-05,17.95,56.75,5.55,56.0,362.75,35.45,80.0,7.02,2.97,20.0,22.9,2.82,16.2,31.05,11.25,0.45,69.75,179.0,12.55,48.65,1.52,2.21,3260.0,0.89,4.66,7.64,35.3,200.0,240.0,45.1,4.63,1.69,7.04,4.0,6.0,5.52,430.0,1500.0,20.0,6.72,330.0,3.17,0.27,2.06,47.95,14.0,6.56,3.57,27.8,15.25,144.75,3.66,279.75,18.45,6.2,,6.74,3.55,,1.65,22.5,16.0,0.33,16.8,18.7,211.0,3.48,1344.5,2190.99,3517.65,130.69,1120.1,,2607.29,1737.52
2025-02-06,18.0,56.75,5.55,58.0,362.0,35.45,80.0,7.0,2.68,20.0,22.9,2.8,16.15,31.05,11.35,0.45,69.75,183.75,12.55,48.35,1.51,2.1,3385.0,0.95,4.66,7.54,35.25,200.0,240.0,45.1,4.47,1.69,6.94,4.0,6.0,5.48,430.0,1500.0,20.0,6.96,330.0,3.12,0.27,2.08,47.9,14.0,6.58,3.49,27.85,15.5,143.5,3.87,279.75,18.15,6.06,,7.2,3.59,,1.49,22.3,16.0,0.36,16.9,20.55,215.0,3.8,1343.11,2188.21,3513.25,130.01,1118.84,,2608.56,1739.71
2025-02-07,18.25,56.75,5.55,57.75,362.0,35.45,80.0,7.0,2.42,20.0,22.9,2.78,16.05,31.05,12.2,0.45,69.75,183.75,12.55,48.0,1.5,1.9,3385.0,1.02,4.66,8.0,35.5,200.0,240.0,45.05,4.52,1.69,6.96,4.0,6.0,5.48,400.0,1500.0,20.0,7.24,301.0,3.2,0.27,2.15,48.2,13.75,6.68,3.49,30.45,15.5,143.5,3.78,279.5,17.95,6.38,,6.52,3.26,,1.35,22.0,15.95,0.38,17.0,21.4,211.25,3.8,1340.51,2194.48,3508.72,129.58,1132.25,,2602.76,1735.84
2025-02-10,18.2,52.0,5.55,57.0,362.25,34.8,80.0,6.96,2.18,20.0,22.9,2.74,16.1,33.0,11.3,0.45,71.0,186.75,12.55,47.95,1.41,1.71,3385.0,1.12,4.66,8.46,35.6,200.0,240.0,44.95,4.49,1.67,6.9,4.0,6.0,5.34,400.0,1500.0,20.0,7.28,301.0,3.09,0.27,2.02,48.1,13.95,6.68,3.2,32.0,16.0,148.5,3.86,285.5,17.9,6.68,,6.52,3.28,,1.22,22.15,15.75,0.4,16.6,21.4,211.0,3.8,1341.41,2186.4,3519.2,129.71,1132.39,,2611.32,1740.88
2025-02-11,18.2,51.5,5.55,56.5,361.75,34.5,80.0,6.94,1.97,20.0,22.9,2.66,16.0,33.0,11.65,0.45,72.0,185.0,13.0,47.95,1.32,1.54,3385.0,1.05,4.66,8.02,35.65,200.0,240.0,45.15,4.46,1.68,6.66,4.0,6.0,5.38,400.0,1500.0,20.0,7.96,301.0,3.03,0.27,2.12,49.75,13.95,6.7,3.04,32.0,15.4,145.5,3.75,283.5,17.75,6.76,,6.52,3.23,,1.1,22.1,15.75,0.4,16.6,23.0,215.0,3.8,1340.81,2178.88,3514.41,129.22,1141.87,,2604.12,1736.08
2025-02-12,18.35,51.5,5.55,57.0,361.25,34.5,80.0,7.04,1.85,21.95,22.6,2.66,16.6,31.85,11.95,0.45,70.5,189.75,13.0,48.0,1.35,1.4,3385.0,0.95,4.66,7.7,35.95,200.0,240.0,44.9,4.48,1.66,6.76,4.0,6.0,5.32,396.0,1500.0,20.0,7.98,299.0,3.25,0.27,2.12,49.8,14.35,6.74,3.05,32.8,15.8,148.25,3.51,284.0,17.7,6.44,,7.1,3.1,,1.01,22.3,15.0,0.36,16.65,23.0,216.0,3.5,1351.53,2198.11,3539.82,129.66,1142.68,,2613.88,1743.26
2025-02-13,18.5,51.5,5.55,57.0,361.75,34.05,80.0,7.18,2.03,21.5,24.0,2.83,16.55,31.85,12.0,0.45,72.25,184.5,13.0,47.55,1.29,1.47,3455.0,0.86,4.66,7.96,35.95,200.0,240.0,45.05,4.5,1.68,6.76,4.0,6.0,5.34,396.0,1500.0,20.0,7.98,299.0,3.2,0.27,2.13,49.8,14.6,6.64,3.26,34.9,15.4,148.0,3.5,286.0,17.95,6.58,,7.1,3.27,,1.09,21.45,14.1,0.33,16.8,21.5,217.5,3.7,1348.17,2208.92,3536.07,130.16,1144.32,,2609.11,1739.41
2025-02-14,18.5,51.5,5.55,57.0,361.25,36.2,80.0,7.12,2.22,21.25,24.0,2.85,16.5,31.85,12.1,0.45,74.75,187.25,13.0,47.65,1.21,1.51,3455.0,0.86,4.66,7.98,36.05,200.0,240.0,45.2,4.59,1.67,6.82,4.0,6.0,5.32,396.0,1500.0,20.0,7.6,299.0,3.06,0.27,1.98,49.8,14.3,6.44,3.31,35.9,14.95,150.0,3.5,290.0,18.1,6.58,,7.0,3.26,,1.19,23.5,14.1,0.3,16.7,21.4,214.75,3.6,1354.66,2222.69,3555.75,131.05,1153.77,,2625.71,1747.76
2025-02-17,18.45,51.5,5.55,57.25,364.75,34.2,80.0,6.98,2.43,22.0,23.15,2.88,16.55,31.85,12.15,0.45,76.0,188.0,14.0,47.0,1.24,1.55,3455.0,0.93,4.66,7.96,36.0,200.0,240.0,45.05,4.76,1.69,6.9,4.0,6.0,5.4,396.0,1500.0,20.0,7.96,299.0,3.3,0.27,2.1,49.9,14.5,6.46,3.28,36.15,15.45,149.0,3.48,287.0,18.5,6.58,,7.24,3.29,,1.3,22.9,14.15,0.27,16.65,20.0,216.75,3.49,1358.25,2224.74,3561.07,131.91,1153.66,,2626.98,1751.32
2025-02-18,18.5,56.5,5.55,57.25,365.0,34.5,80.75,7.02,2.48,21.9,24.0,2.79,16.9,33.0,11.9,0.45,78.0,192.0,14.0,46.85,1.33,1.51,3455.0,0.96,4.66,7.7,35.95,200.0,230.0,45.1,4.78,1.69,7.0,4.0,6.0,5.32,396.0,1500.0,20.0,8.0,299.0,3.15,0.27,2.03,49.05,14.05,6.52,3.28,35.25,15.45,148.0,3.44,291.5,18.7,6.58,,6.86,3.19,,1.32,22.55,15.5,0.28,16.65,20.5,215.5,3.49,1366.58,2223.99,3577.81,132.73,1155.04,,2645.41,1762.24
2025-02-19,19.1,56.5,5.55,57.25,364.75,35.0,80.75,7.24,2.43,21.85,23.05,2.82,17.05,31.2,12.4,0.45,82.25,193.0,13.0,46.8,1.33,1.54,3455.0,0.95,4.66,7.98,35.65,202.0,230.0,45.0,4.74,1.69,7.0,4.0,6.0,5.34,399.75,1500.0,20.0,7.68,309.5,3.46,0.27,2.12,48.9,13.8,6.7,3.45,35.0,15.45,148.5,3.35,293.25,18.95,6.58,,7.5,3.12,,1.42,22.65,16.0,0.29,16.65,20.5,215.5,3.8,1376.9,2237.81,3603.14,133.86,1152.75,,2662.43,1770.84
2025-02-20,19.0,56.5,5.55,57.0,364.75,35.0,80.75,7.46,2.48,21.8,23.05,3.01,17.1,31.2,12.4,0.45,80.0,192.75,13.0,46.85,1.31,1.49,3455.0,0.93,4.66,8.0,35.35,204.25,230.0,44.9,4.85,1.71,7.0,4.0,6.0,5.4,399.75,1500.0,20.0,7.52,309.5,3.12,0.27,2.1,49.1,14.5,6.62,3.5,35.0,15.5,147.75,3.3,293.0,18.85,6.56,,7.6,3.12,,1.4,23.0,16.0,0.31,16.65,20.2,214.75,3.8,1375.48,2255.17,3597.66,133.63,1153.88,,2656.82,1767.11
2025-02-21,18.95,56.5,5.55,56.5,365.0,35.0,81.0,7.32,2.36,21.7,22.9,2.87,17.0,33.0,12.2,0.45,77.75,183.75,13.0,47.0,1.29,1.46,3455.0,0.9,4.66,7.84,35.35,204.25,230.0,43.95,4.91,1.81,6.98,4.0,6.0,5.42,399.75,1500.0,20.0,7.5,309.5,3.12,0.27,2.02,49.25,14.1,6.6,3.5,34.05,15.45,148.0,3.31,293.0,18.8,6.56,,7.38,3.15,,1.41,24.0,15.7,0.33,16.65,21.45,212.0,3.8,1361.23,2241.11,3566.84,132.81,1155.57,,2622.28,1744.13
2025-02-24,18.95,56.5,5.55,57.5,371.5,35.25,81.0,7.4,2.26,21.65,24.8,2.99,17.0,33.85,12.7,0.45,78.0,186.5,13.0,47.95,1.29,1.43,3455.0,0.92,4.66,8.02,35.05,202.0,230.0,44.95,4.96,1.82,7.0,4.0,6.0,5.46,399.75,1500.0,20.0,7.5,309.5,3.43,0.27,2.1,48.95,14.35,6.6,3.5,36.95,14.75,149.25,3.33,292.0,18.7,6.48,,7.3,3.08,,1.32,23.85,15.95,0.34,16.35,21.2,216.0,3.65,1371.9,2265.08,3590.24,133.26,1153.54,,2656.56,1767.62
2025-02-25,19.0,56.5,5.55,57.25,375.75,36.7,81.0,7.42,2.15,21.55,22.9,3.0,17.0,31.0,13.05,0.45,76.75,189.75,13.0,48.3,1.29,1.3,3455.0,0.85,4.66,7.92,35.45,205.0,229.5,44.9,4.95,1.8,7.0,4.0,6.0,5.44,399.75,1500.0,20.0,7.94,309.5,3.42,0.27,2.07,49.05,14.55,6.62,3.5,33.65,15.35,150.0,3.57,298.25,18.5,6.54,,7.3,3.25,,1.29,24.0,16.0,0.35,16.1,22.2,215.5,3.7,1375.25,2280.56,3602.8,133.26,1152.83,,2669.73,1776.38
2025-02-26,19.0,56.5,5.55,56.5,372.5,36.5,80.25,7.7,2.07,21.5,22.55,3.0,16.95,31.0,14.1,0.45,77.5,189.75,13.0,48.15,1.3,1.29,3455.0,0.87,4.66,8.2,35.8,210.0,221.0,44.7,4.95,1.79,6.98,4.0,6.0,5.5,399.75,1500.0,20.0,7.5,309.5,3.42,0.27,2.08,49.75,14.15,6.64,3.46,33.5,15.4,150.0,3.31,305.25,18.15,6.54,,6.58,3.2,,1.36,24.0,16.4,0.37,16.05,22.4,216.0,3.7,1370.3,2288.37,3597.89,132.64,1154.41,,2661.56,1770.94
2025-02-27,19.1,56.5,5.55,56.5,372.0,35.85,84.0,7.92,2.21,20.05,24.8,2.98,16.75,31.0,15.15,0.45,77.0,185.75,13.0,48.45,1.38,1.27,3455.0,0.89,4.66,8.0,35.8,210.0,230.0,44.8,4.93,1.8,6.98,4.0,6.0,5.5,410.0,1500.0,20.0,7.78,309.5,3.08,0.27,2.04,50.0,13.95,6.64,3.46,33.0,15.8,152.75,3.25,300.0,18.1,6.12,,7.12,3.09,,1.35,23.95,16.4,0.38,16.0,24.55,216.0,3.7,1367.56,2293.51,3596.05,132.35,1149.39,,2651.85,1766.53
2025-02-28,19.0,56.5,5.55,47.2,380.0,35.95,84.0,7.78,2.21,20.25,24.8,3.0,16.85,31.0,14.95,0.45,78.0,185.0,13.0,48.7,1.32,1.2,3455.0,0.85,4.66,8.04,35.95,205.25,230.0,44.95,4.96,1.81,6.94,4.0,6.0,5.5,410.0,1500.0,20.0,7.78,300.0,3.16,0.27,2.1,50.25,14.65,6.82,3.48,33.5,15.55,152.25,3.27,300.25,17.95,6.52,,7.42,3.28,,1.33,23.95,17.0,0.37,16.0,23.7,217.0,4.03,1366.92,2300.17,3595.08,132.13,1152.96,,2652.31,1767.52
2025-03-03,19.05,56.5,5.55,47.2,376.75,33.3,88.0,7.36,2.2,20.0,25.4,3.02,16.9,31.0,15.1,0.45,78.0,186.75,11.75,48.65,1.3,1.24,3455.0,0.89,4.66,8.0,36.0,214.25,230.0,44.6,4.97,1.8,6.88,4.0,6.0,5.5,410.0,1500.0,20.0,7.44,300.0,3.18,0.27,2.09,50.75,14.9,6.9,3.49,35.7,15.1,158.25,3.54,300.25,18.1,6.52,,7.54,3.28,,1.3,23.65,17.75,0.35,16.2,23.0,217.0,3.97,1371.74,2293.87,3612.83,132.59,1153.09,,2654.75,1769.15
2025-03-04,19.05,56.5,5.55,47.2,375.0,35.0,88.0,7.84,2.18,20.55,25.0,3.0,16.85,31.0,15.45,0.45,78.0,186.75,11.8,48.55,1.28,1.16,3455.0,0.87,4.66,7.94,36.0,214.25,230.0,44.55,5.02,1.81,6.78,4.0,6.0,5.44,410.0,1500.0,20.0,7.12,300.0,3.2,0.27,2.13,51.75,15.0,6.92,3.49,38.75,15.1,157.75,3.2,303.25,17.4,6.5,,7.18,3.32,,1.31,22.9,16.5,0.36,16.0,24.3,217.75,3.68,1362.48,2306.85,3594.1,131.04,1154.3,,2651.24,1766.81
2025-03-05,19.2,56.5,5.55,47.2,375.0,35.0,84.25,7.56,2.15,19.8,25.0,3.02,17.0,31.0,15.65,0.45,80.0,187.75,11.8,48.5,1.24,1.12,3455.0,0.83,4.66,7.94,36.0,213.0,225.0,44.45,5.14,1.84,6.8,4.0,6.0,5.48,410.0,1500.0,20.0,7.12,300.0,2.98,0.27,1.97,51.75,14.75,6.84,3.3,38.0,15.4,168.0,3.3,308.75,17.7,6.22,,7.06,3.31,,1.32,22.55,16.5,0.37,16.45,24.0,217.75,3.89,1370.68,2321.45,3624.96,132.4,1146.97,,2666.36,1776.88
2025-03-06,19.1,56.5,5.55,47.2,375.0,34.4,84.25,7.7,2.21,20.4,25.0,3.01,16.8,31.0,15.65,0.45,82.75,193.75,12.95,48.4,1.32,1.19,3455.0,0.81,4.66,7.96,36.0,213.0,223.0,44.5,5.26,1.92,6.78,4.0,6.0,5.5,410.0,1500.0,20.0,7.82,300.0,2.89,0.27,2.05,54.0,15.05,6.82,3.48,37.95,15.95,168.5,3.31,309.5,17.95,6.02,,7.68,3.38,,1.3,22.55,16.3,0.37,16.6,24.15,230.5,3.89,1384.12,2339.62,3656.97,133.69,1147.68,,2686.02,1790.68
2025-03-07,19.3,56.5,5.55,47.2,375.5,37.15,84.0,7.82,2.14,20.7,24.0,3.04,16.9,31.1,15.55,0.45,80.5,189.75,12.95,48.5,1.27,1.17,3455.0,0.87,4.66,7.92,36.05,210.0,220.0,44.75,5.18,1.86,6.74,4.0,6.0,5.46,410.0,1500.0,20.0,7.88,300.0,2.88,0.27,2.12,51.75,14.85,6.86,3.16,38.0,15.7,166.5,3.25,309.0,18.05,6.02,,7.06,3.35,,1.3,23.1,15.5,0.35,17.0,24.5,232.5,3.88,1379.48,2337.85,3643.48,133.71,1157.82,,2685.94,1790.62
2025-03-10,19.05,51.0,5.55,47.2,374.0,35.4,84.0,7.64,2.15,20.1,25.0,3.02,16.6,31.1,15.4,0.45,80.25,185.0,11.75,48.5,1.26,1.11,3455.0,0.84,4.66,7.18,36.1,210.0,221.5,44.5,5.18,1.91,6.74,4.0,6.0,5.44,400.0,1500.0,20.0,7.2,300.0,2.8,0.27,2.03,51.25,14.95,6.88,3.16,38.0,16.0,167.75,3.25,293.0,18.0,6.02,,7.18,3.31,,1.29,22.65,16.0,0.34,16.65,23.65,218.25,3.83,1366.78,2317.22,3613.41,132.36,1160.67,,2651.94,1767.96
2025-03-11,19.0,51.0,5.55,47.2,368.5,34.85,86.0,7.7,2.26,20.4,25.0,3.0,16.45,31.15,14.2,0.45,80.25,185.75,11.75,48.5,1.32,1.15,3455.0,0.81,4.66,7.84,36.0,216.0,221.5,44.45,5.18,1.95,6.8,4.0,6.0,5.44,400.0,1500.0,20.0,7.5,320.0,2.8,0.27,1.95,50.75,14.45,6.8,3.17,38.1,16.0,166.5,3.23,291.25,18.0,5.88,,7.68,3.55,,1.29,22.65,15.75,0.35,16.3,23.8,218.25,3.6,1363.79,2299.94,3605.4,132.17,1158.51,,2648.93,1765.95
2025-03-12,19.0,51.0,5.55,47.2,363.5,36.9,86.0,7.52,2.2,20.2,25.0,2.99,15.9,31.15,13.95,0.45,79.5,186.75,12.85,48.45,1.25,1.11,3455.0,0.82,4.66,7.36,35.95,219.5,221.5,44.1,5.14,1.93,6.76,4.0,6.0,5.34,400.0,1500.0,20.0,7.6,320.0,3.05,0.27,2.09,50.25,14.5,6.74,3.17,38.0,15.9,162.0,3.22,288.0,17.95,6.0,,7.22,3.56,,1.24,23.1,15.75,0.33,17.0,23.8,218.25,3.96,1356.5,2287.09,3583.05,131.56,1161.59,,2640.37,1758.2
2025-03-13,19.0,51.0,5.55,47.2,370.0,36.0,86.0,7.66,2.23,19.9,25.0,2.85,15.45,31.15,13.15,0.45,81.75,189.25,12.9,48.1,1.21,1.21,3455.0,0.78,4.66,7.44,35.75,221.25,222.0,40.1,5.0,1.92,6.52,4.0,6.0,5.3,400.0,1500.0,20.0,7.98,320.0,3.0,0.27,2.05,50.25,14.45,6.68,3.17,38.05,15.8,160.0,3.2,285.5,17.85,6.0,,7.8,3.5,,1.22,23.1,15.75,0.31,17.0,23.8,218.75,3.96,1336.6,2251.02,3538.96,130.14,1161.94,,2587.09,1720.73
2025-03-14,19.05,51.0,5.55,47.2,369.75,35.5,84.0,7.7,2.21,20.45,24.5,2.92,15.05,31.15,12.15,0.45,79.25,185.5,12.9,47.6,1.21,1.21,3455.0,0.76,4.66,7.46,35.05,225.25,225.0,42.15,5.02,1.9,6.5,4.0,6.0,5.3,400.0,1500.0,20.0,7.68,320.0,3.04,0.27,2.04,51.75,14.4,6.84,3.17,38.0,15.9,160.5,3.04,270.75,17.75,6.1,,8.12,3.48,,1.26,23.65,15.5,0.34,17.0,23.2,225.0,3.9,1334.54,2236.72,3529.45,129.54,1162.73,,2585.76,1719.84
2025-03-17,19.05,51.0,5.55,47.2,369.5,35.1,84.0,7.66,2.24,20.0,24.5,3.0,16.55,33.5,12.3,0.45,81.5,186.0,12.9,47.55,1.22,1.2,3455.0,0.81,4.66,7.56,34.95,221.0,226.0,42.25,5.04,1.94,6.44,4.0,6.0,5.22,400.0,1500.0,20.0,7.1,320.0,3.27,0.27,2.07,52.25,14.2,6.86,3.17,39.0,15.7,160.75,3.02,272.0,17.8,6.18,,8.42,3.52,,1.28,24.0,15.7,0.33,16.9,23.7,226.75,3.96,1350.02,2252.25,3558.32,130.35,1163.11,,2590.04,1722.69
2025-03-18,19.0,51.0,5.55,47.2,369.75,35.0,84.0,7.88,2.14,19.95,22.05,2.74,16.45,33.5,13.0,0.45,80.0,187.0,12.9,47.4,1.23,1.21,3455.0,0.77,4.66,7.38,34.85,216.0,226.0,42.45,5.04,1.89,6.32,4.0,6.0,5.16,400.0,1500.0,20.0,7.32,320.0,3.13,0.27,1.97,52.0,13.8,6.8,3.17,42.0,15.85,161.75,3.04,270.5,17.7,5.88,,8.58,3.52,,1.28,23.65,15.0,0.32,16.65,23.7,225.0,3.96,1348.16,2241.35,3552.28,129.9,1157.42,,2589.13,1722.75
2025-03-19,18.95,51.0,5.55,47.2,369.5,33.25,84.0,7.66,2.2,20.0,22.05,2.94,16.2,33.5,13.25,0.45,80.0,190.0,13.0,47.35,1.22,1.17,3455.0,0.76,4.66,7.18,34.8,203.75,226.0,42.45,5.12,1.9,6.28,4.0,6.0,5.16,400.0,1500.0,20.0,7.84,320.0,3.35,0.27,1.9,51.5,13.95,6.64,3.48,39.0,15.85,161.5,3.01,305.5,17.6,5.88,,8.58,3.54,,1.29,23.85,15.75,0.3,16.05,23.0,225.0,3.58,1346.7,2256.53,3555.16,130.25,1155.5,,2622.52,1745.64
2025-03-20,18.9,51.0,5.55,47.2,370.0,34.0,84.0,7.96,2.19,20.0,22.05,2.99,16.1,32.6,12.75,0.45,79.75,185.25,13.0,46.9,1.19,1.21,3455.0,0.73,4.66,7.3,34.6,216.25,230.0,42.5,5.12,1.9,6.3,4.0,6.0,5.08,400.0,1500.0,20.0,8.0,320.0,3.35,0.27,1.92,51.75,13.65,6.64,3.18,41.4,15.3,161.0,3.07,304.25,17.55,5.9,,8.18,3.78,,1.27,22.7,15.75,0.31,17.0,23.0,228.5,3.66,1336.88,2252.97,3537.34,129.91,1156.36,,2604.23,1732.8
2025-03-21,18.8,51.0,5.55,47.2,369.25,34.0,84.0,7.66,2.17,19.85,22.05,2.85,15.95,33.0,13.1,0.45,79.75,185.25,13.0,46.65,1.17,1.21,3455.0,0.75,4.66,7.4,34.95,216.25,226.25,42.0,5.06,1.91,6.38,4.0,6.0,5.26,400.0,1500.0,20.0,8.18,320.0,3.35,0.27,1.91,52.25,13.55,6.76,3.17,40.0,15.9,160.0,3.02,304.0,17.75,5.9,,8.18,3.49,,1.28,22.2,15.1,0.32,17.0,24.95,228.5,3.66,1335.94,2245.04,3534.87,130.22,1159.29,,2598.16,1729.43
2025-03-24,18.95,51.0,5.55,47.2,370.0,35.0,90.0,7.62,2.13,20.0,22.05,2.89,15.95,33.0,12.55,0.45,80.0,177.5,13.0,46.35,1.21,1.16,3455.0,0.77,4.66,7.0,34.6,208.25,226.25,41.7,5.04,1.9,6.48,4.0,6.0,5.22,400.0,1500.0,20.0,8.02,320.0,3.35,0.27,2.1,53.75,13.5,6.66,3.31,40.65,15.55,160.25,2.96,301.25,17.75,5.9,,7.9,3.61,,1.26,21.6,15.05,0.34,16.95,23.95,223.5,3.8,1328.05,2240.76,3515.62,129.75,1159.96,,2572.5,1712.35
2025-03-25,19.0,51.0,5.55,47.2,370.0,34.95,85.0,7.6,2.18,19.9,22.05,2.83,15.9,33.0,13.05,0.45,80.0,172.75,12.5,46.2,1.19,1.21,3455.0,0.75,4.66,6.82,34.55,202.0,226.25,42.0,5.04,1.94,6.5,4.0,6.0,5.1,400.0,1500.0,20.0,8.34,320.0,3.08,0.27,1.92,52.75,13.7,6.7,3.46,42.0,15.95,161.0,2.98,300.5,17.85,6.1,,8.52,3.29,,1.26,23.25,14.9,0.34,17.0,22.9,217.25,3.56,1322.67,2242.61,3505.23,129.62,1162.16,,2566.14,1708.11
2025-03-26,19.05,51.0,5.55,47.2,370.0,34.05,84.0,8.1,2.19,19.85,22.0,2.9,15.95,30.0,12.65,0.45,76.25,181.25,12.5,46.3,1.17,1.21,3455.0,0.74,4.66,6.98,33.15,199.0,226.25,42.05,5.08,2.0,6.56,4.0,6.0,5.28,400.0,1500.0,20.0,10.4,320.0,3.04,0.27,2.08,52.75,13.55,6.76,3.39,40.0,15.85,164.0,3.18,300.25,17.9,6.1,,8.16,3.32,,1.23,23.3,14.85,0.33,16.6,24.95,217.0,3.8,1334.79,2254.26,3525.79,130.24,1161.89,,2590.14,1724.09
2025-03-27,19.0,51.0,5.55,47.2,370.0,34.5,84.0,8.42,2.18,19.9,22.0,2.94,15.95,30.0,12.45,0.45,73.0,180.0,11.55,46.95,1.19,1.2,3455.0,0.72,4.66,6.98,32.4,195.0,226.25,42.05,5.06,2.07,6.64,4.0,6.0,5.06,400.0,1500.0,20.0,10.5,320.0,3.34,0.27,2.05,52.5,13.65,6.88,3.39,38.0,15.55,164.5,3.14,299.0,18.0,6.1,,8.38,3.6,,1.23,23.2,14.7,0.36,16.8,25.15,217.0,3.67,1337.71,2263.39,3527.24,130.41,1161.82,,2594.46,1726.96
2025-03-28,19.0,51.0,5.55,47.2,371.25,34.0,80.5,7.98,2.23,19.75,20.15,2.84,16.0,30.0,12.55,0.45,75.75,180.0,11.5,47.1,1.16,1.14,3455.0,0.76,4.66,6.9,32.35,192.25,226.25,42.15,5.02,1.61,6.76,4.0,6.0,4.98,400.0,1500.0,20.0,10.3,320.0,3.02,0.27,2.0,52.5,13.65,6.98,3.62,40.25,15.8,161.75,3.26,299.25,18.3,6.0,,8.4,3.61,,1.26,22.1,14.6,0.35,16.0,25.1,219.0,3.57,1342.38,2226.88,3532.38,130.81,,,2605.59,1735.04
2025-04-01,19.0,51.0,5.55,47.2,376.25,34.6,80.5,7.86,2.23,19.6,20.15,2.91,16.15,30.0,12.75,0.45,76.25,180.0,11.5,47.15,1.18,1.13,3455.0,0.75,4.66,6.96,33.3,190.25,226.25,42.05,4.98,1.63,6.74,4.0,6.0,4.95,400.0,1500.0,20.0,10.6,320.0,3.02,0.27,2.09,52.5,13.8,7.08,3.62,39.35,15.65,163.25,3.02,300.25,18.5,6.0,,8.4,3.3,,1.33,21.9,14.75,0.35,15.65,25.1,220.0,3.8,1346.78,2241.25,3548.88,131.59,1163.71,,2612.44,1740.28
2025-04-02,18.8,51.0,5.55,47.2,377.75,34.0,80.5,7.6,2.24,19.75,22.0,2.99,16.1,30.0,12.35,0.45,74.0,184.5,11.5,47.5,1.18,1.13,3455.0,0.76,4.66,6.84,30.35,190.0,226.0,41.9,4.96,1.61,6.6,4.0,6.0,4.83,400.0,1500.0,20.0,10.2,300.0,3.02,0.27,1.95,53.5,13.8,7.04,3.87,38.0,15.45,164.0,2.98,300.5,18.55,6.0,,8.4,3.32,,1.39,22.85,14.55,0.34,15.65,26.6,217.0,3.62,1353.95,2225.59,3545.87,131.5,1164.24,,2623.94,1747.94
2025-04-03,18.05,51.0,5.55,47.2,376.5,34.0,80.5,7.6,2.23,19.5,22.0,3.12,16.1,30.0,12.95,0.45,72.75,181.5,11.5,47.35,1.13,1.16,3455.0,0.73,4.66,6.92,31.95,203.75,226.0,41.5,4.96,1.63,6.54,4.0,6.0,4.83,400.5,1500.0,20.0,10.6,300.0,3.02,0.27,2.01,54.0,13.5,7.04,3.8,40.0,15.5,165.75,2.95,301.5,18.5,6.04,,8.6,3.35,,1.4,22.15,14.85,0.35,15.65,26.65,217.0,3.79,1343.23,2233.39,3537.01,131.25,1163.5,,2597.96,1730.63
2025-04-04,18.1,51.0,5.55,47.2,374.75,34.0,80.5,7.32,2.23,19.95,22.0,2.98,16.15,32.55,13.3,0.45,75.0,185.75,12.65,47.1,1.15,1.19,3455.0,0.75,4.66,6.84,31.6,210.0,210.0,39.75,4.99,1.66,6.48,4.0,6.0,4.96,400.5,1500.0,20.0,11.05,310.0,3.3,0.27,1.99,54.0,13.5,7.46,3.54,40.0,15.25,165.5,2.95,300.25,18.65,6.1,,8.6,3.57,,1.4,22.3,14.95,0.35,15.65,27.35,220.0,3.8,1344.08,2225.1,3536.24,131.51,1167.54,,2605.21,1735.47
2025-04-07,17.75,51.0,5.55,47.2,370.25,34.0,80.0,6.88,2.21,19.55,22.0,3.1,16.15,33.05,13.25,0.45,74.0,185.25,12.65,45.15,1.14,1.17,3455.0,0.73,4.66,6.76,31.5,211.25,210.0,38.4,4.93,1.67,6.22,4.0,6.0,5.0,400.5,1500.0,20.0,11.3,310.0,3.01,0.27,1.92,54.0,13.7,7.08,3.5,39.0,15.05,168.0,3.01,301.5,18.1,6.1,,8.6,3.25,,1.39,22.0,15.4,0.37,15.65,27.05,215.25,3.79,1316.01,2204.76,3475.74,129.13,1166.63,,2546.13,1692.18
2025-04-08,17.2,51.0,5.55,47.2,371.75,34.0,78.0,6.6,2.21,19.9,22.0,2.98,16.0,35.15,13.0,0.45,71.25,185.5,12.65,44.2,1.13,1.2,3555.0,0.71,4.66,6.56,30.3,210.0,210.0,38.0,4.83,1.65,6.08,4.0,6.0,5.16,440.0,1500.0,20.0,11.95,310.0,3.0,0.27,1.9,52.0,13.7,7.06,3.51,38.25,15.4,165.75,3.0,301.5,17.6,6.1,,8.72,3.51,,1.36,22.9,16.05,0.39,15.65,26.0,220.0,3.63,1291.16,2167.53,3410.14,126.88,1166.53,,2511.22,1669.62
2025-04-09,17.0,51.0,5.55,47.2,365.75,33.2,78.0,6.52,2.2,19.55,22.0,2.96,15.35,35.0,12.25,0.45,67.75,180.0,12.65,42.55,1.13,1.16,3555.0,0.7,4.66,6.34,30.05,200.0,225.0,35.3,4.69,1.6,6.02,4.0,6.0,4.85,411.0,1500.0,20.0,11.7,320.0,2.78,0.27,1.9,51.5,13.8,7.1,3.5,38.0,15.2,163.5,3.08,294.5,17.25,6.1,,8.82,3.31,,1.37,22.0,14.95,0.39,15.65,24.25,217.0,3.5,1250.85,2119.14,3314.15,123.6,1172.62,,2424.57,1610.77
2025-04-10,16.85,51.0,5.55,47.2,369.75,32.7,78.0,6.54,2.17,19.05,22.0,2.96,15.65,35.0,12.1,0.45,69.5,179.75,11.5,44.1,1.11,1.19,3555.0,0.71,4.66,6.52,32.4,200.0,225.0,37.55,4.61,1.62,5.96,4.0,6.0,4.75,440.0,1500.0,20.0,10.65,320.0,2.78,0.27,1.9,53.25,13.3,7.06,3.46,38.0,15.5,165.0,3.2,296.5,17.55,5.92,,9.5,3.17,,1.36,22.95,14.85,0.38,15.65,25.75,225.0,3.8,1277.04,2138.65,3387.48,125.76,1172.56,,2478.66,1647.98
2025-04-11,17.05,51.0,5.55,47.2,369.75,33.0,78.0,6.8,2.11,18.9,22.0,2.95,16.0,35.0,12.65,0.45,70.25,180.25,11.5,44.6,1.11,1.15,3555.0,0.73,4.66,6.12,32.25,203.25,216.0,38.3,4.78,1.62,6.0,4.0,6.0,4.77,440.0,1500.0,20.0,11.45,320.0,3.0,0.27,1.98,53.75,13.75,7.04,3.17,38.0,15.55,165.75,2.99,299.0,17.65,5.9,,10.35,3.03,,1.35,22.6,15.0,0.39,15.65,23.2,215.25,3.56,1291.33,2166.25,3420.07,126.78,1172.59,,2502.76,1661.43
2025-04-14,17.4,51.0,5.55,47.2,368.75,33.0,79.5,6.56,2.0,19.1,22.0,2.98,16.0,35.0,12.05,0.45,71.25,179.75,12.0,45.05,1.12,1.16,3555.0,0.75,4.66,6.18,32.45,200.0,216.0,39.6,4.95,1.65,6.42,4.0,6.0,4.71,440.0,1500.0,20.0,11.25,320.0,2.73,0.27,2.0,53.5,13.35,7.08,3.46,39.0,15.3,173.5,3.03,299.25,17.7,5.46,,10.3,3.01,,1.34,22.0,15.0,0.38,15.65,24.0,215.0,3.23,1301.03,2179.96,3450.99,127.62,1175.73,,2529.95,1680.13
2025-04-15,17.55,51.0,5.55,47.2,372.25,33.0,79.5,6.54,2.08,19.2,22.0,2.98,16.0,33.95,12.4,0.45,72.75,179.0,12.45,44.55,1.1,1.2,3555.0,0.76,4.66,6.18,32.75,210.0,220.0,38.0,4.99,1.64,6.36,4.0,6.0,4.63,411.0,1500.0,20.0,12.0,320.0,2.59,0.27,1.98,54.25,13.4,7.1,3.49,39.0,15.65,179.5,3.33,299.5,17.5,5.88,,10.15,3.02,,1.34,22.1,15.0,0.38,15.65,21.7,215.0,2.94,1291.7,2183.22,3444.74,127.01,1177.02,,2500.05,1659.63
2025-04-16,17.5,51.0,5.55,47.2,370.75,32.0,80.0,6.98,2.25,19.7,20.35,2.99,16.0,34.0,12.05,0.45,72.0,178.0,12.45,44.1,1.09,1.19,3555.0,0.76,4.66,6.42,32.3,201.0,215.0,38.3,4.99,1.64,6.3,4.0,6.0,4.35,411.0,1500.0,20.0,11.6,320.0,2.51,0.27,2.03,52.5,13.05,7.14,3.49,39.0,15.65,175.0,3.08,300.0,17.35,5.62,,10.3,3.32,,1.34,22.1,14.45,0.38,15.65,21.7,215.0,3.2,1282.17,2170.1,3414.52,126.02,1177.66,,2492.37,1654.53
2025-04-17,17.3,51.0,5.55,47.2,370.25,33.0,80.0,6.8,2.26,19.55,20.55,2.99,15.95,34.15,12.0,0.45,73.5,170.0,12.45,44.6,1.1,1.19,3555.0,0.77,4.66,6.2,29.95,200.0,215.0,38.25,4.89,1.61,6.16,4.0,6.0,4.31,411.0,1500.0,20.0,11.8,320.0,2.74,0.27,1.99,54.0,13.0,7.14,3.3,39.0,15.5,173.25,3.03,300.25,17.3,5.72,,10.2,3.43,,1.33,22.2,15.0,0.37,15.65,22.4,220.0,3.2,1275.72,2151.08,3387.61,125.33,1175.18,,2473.14,1641.77
2025-04-22,17.4,51.0,5.55,47.2,370.0,32.3,80.0,6.72,2.08,19.55,21.9,3.07,15.95,34.9,11.6,0.45,73.5,170.0,12.45,44.75,1.09,1.18,3555.0,0.72,4.66,6.2,30.0,200.0,215.0,40.55,4.9,1.63,6.18,4.0,6.0,4.33,440.0,1500.0,20.0,11.95,320.0,2.74,0.27,1.92,53.75,13.5,7.2,3.22,40.95,15.55,179.25,2.95,301.0,17.3,5.9,,9.62,3.09,,1.34,22.2,15.0,0.36,15.65,21.7,216.5,3.14,1284.77,2163.49,3415.83,126.03,,,2509.43,1665.22
2025-04-23,17.5,51.0,5.55,47.2,369.5,33.0,85.0,6.8,2.06,19.55,21.75,2.91,16.0,34.9,11.5,0.45,74.5,168.0,12.45,45.7,1.08,1.18,3555.0,0.76,4.66,6.2,30.0,200.0,215.0,39.35,4.91,1.6,6.04,4.0,6.0,4.34,440.0,1500.0,20.0,11.9,320.0,2.83,0.27,1.91,53.75,12.9,7.12,3.4,38.95,15.7,178.5,2.88,300.5,17.4,6.16,,9.08,3.1,,1.37,22.0,15.0,0.34,15.65,21.75,215.5,3.14,1286.26,2149.76,3417.25,126.18,1174.93,,2504.99,1666.76
2025-04-24,18.0,51.0,5.55,47.2,371.0,31.75,88.0,6.66,1.96,19.55,19.8,2.97,16.0,34.9,11.85,0.45,74.5,174.25,12.45,45.65,1.06,1.18,4000.0,0.74,4.66,6.2,29.55,191.0,215.0,38.5,4.79,1.58,6.22,4.0,6.0,4.22,440.0,1500.0,20.0,11.65,320.0,2.95,0.27,1.9,54.25,12.95,7.12,3.25,38.95,15.45,178.0,2.94,300.0,17.35,6.12,,8.72,3.09,,1.32,22.05,15.0,0.35,15.65,22.0,216.25,3.0,1294.29,2151.86,3428.22,126.14,,,2504.67,1667.2
2025-04-25,18.5,51.0,5.55,47.2,371.0,31.65,88.0,6.94,2.01,19.6,19.8,2.9,16.0,34.9,11.25,0.45,75.0,170.75,12.0,45.45,1.07,1.27,4000.0,0.73,4.66,6.2,30.25,191.0,209.25,38.5,4.94,1.6,6.28,4.0,6.0,4.3,440.0,1500.0,20.0,11.5,320.0,2.97,0.27,1.88,54.0,12.7,7.1,3.12,38.95,15.45,175.75,2.75,300.25,17.2,6.4,,8.96,3.03,,1.3,22.0,14.25,0.35,15.65,22.0,220.0,3.11,1290.14,2151.5,3421.61,125.8,1177.89,,2498.07,1662.81
2025-04-28,18.6,51.0,5.55,47.2,370.0,32.05,88.0,6.92,1.98,19.2,19.8,2.82,16.0,34.9,11.7,0.45,75.5,170.25,12.0,45.0,1.07,1.15,4000.0,0.74,4.66,6.1,30.45,199.75,209.25,38.45,4.9,1.56,6.36,4.0,6.0,4.38,440.0,1500.0,20.0,11.7,320.0,3.0,0.27,1.96,54.75,12.3,7.1,3.12,38.95,15.5,172.0,2.93,301.25,17.1,6.2,,8.2,3.02,,1.29,22.0,15.0,0.32,15.65,20.3,220.0,3.19,1287.81,2146.45,3416.03,125.53,1175.39,,2487.56,1657.09
2025-04-29,18.7,51.0,5.55,47.2,370.25,32.0,88.0,6.78,2.0,19.55,19.8,2.85,14.65,35.05,11.05,0.45,75.5,174.0,12.0,44.9,1.04,1.15,3925.0,0.8,4.66,6.1,31.1,200.0,206.25,38.25,4.9,1.59,6.12,4.0,6.0,4.33,440.0,1500.0,20.0,11.9,320.0,2.76,0.27,1.99,54.0,12.0,7.2,3.37,38.95,15.55,173.25,2.81,300.0,17.3,6.3,,8.0,3.02,,1.29,21.95,15.0,0.34,15.65,21.0,210.0,3.19,1281.2,2129.51,3408.28,125.6,1174.84,,2497.84,1663.94
2025-04-30,18.15,51.0,5.55,47.2,370.25,31.7,80.0,6.76,2.01,19.45,19.8,2.92,14.4,35.55,11.9,0.45,74.25,174.0,12.0,45.7,1.04,1.12,3925.0,0.73,4.66,6.06,30.1,200.0,206.75,38.45,4.89,1.58,6.42,4.0,6.0,4.23,440.0,1500.0,20.0,11.7,320.0,2.53,0.27,1.92,54.0,11.6,7.1,3.56,38.95,15.4,174.5,2.92,300.0,17.55,6.18,,7.2,3.18,,1.29,22.35,15.0,0.34,15.65,21.0,219.25,3.08,1284.67,2135.51,3412.63,126.08,1163.26,,2509.25,1669.6
2025-05-02,17.2,51.0,5.55,47.2,372.5,31.5,80.0,6.56,2.02,19.35,19.8,2.94,14.4,36.9,11.3,0.45,72.75,171.75,12.75,46.05,0.98,1.16,3925.0,0.75,4.66,6.2,30.3,200.0,209.5,38.55,4.9,1.62,6.28,4.0,6.0,4.16,411.0,1500.0,20.0,11.4,320.0,2.66,0.27,2.0,49.45,11.75,7.14,3.7,38.95,15.4,174.5,2.86,270.0,18.0,6.26,,7.38,3.1,,1.26,22.85,14.0,0.32,15.65,22.4,210.25,3.0,1273.62,2106.31,3378.62,125.6,1149.59,,2533.93,1687.98
2025-05-05,16.45,51.0,5.55,47.2,370.75,31.5,80.0,6.74,2.02,19.45,20.0,2.82,14.1,36.9,11.7,0.45,72.5,170.25,12.75,46.4,0.91,1.07,3925.0,0.72,4.66,6.2,30.55,195.0,210.0,38.4,4.89,1.62,6.3,4.0,6.0,4.17,411.0,1500.0,20.0,11.75,320.0,2.66,0.27,1.91,49.05,11.6,7.1,3.83,38.0,15.25,172.25,2.84,270.5,18.25,6.06,,7.44,3.21,,1.21,22.75,14.0,0.31,15.65,22.4,210.25,3.0,1268.27,2099.56,3365.95,125.76,1144.86,,2528.84,1684.59
2025-05-06,16.35,51.0,5.55,47.2,369.5,33.0,80.0,6.58,1.9,19.45,21.5,2.87,13.95,36.6,11.2,0.45,71.75,171.5,12.75,46.5,0.83,1.15,3925.0,0.74,4.66,5.9,30.6,200.0,202.5,38.5,4.88,1.62,6.2,4.0,6.0,4.11,411.0,1500.0,20.0,11.45,320.0,2.5,0.27,1.98,49.05,12.0,7.18,3.87,38.0,15.05,170.25,2.71,269.75,18.35,5.62,,7.02,3.13,,1.26,22.2,14.0,0.31,15.65,23.45,215.0,3.0,1269.66,2099.22,3365.92,125.94,1140.96,,2531.6,1687.74
2025-05-07,16.45,51.0,5.55,47.2,370.25,32.85,80.0,6.56,2.07,19.3,21.5,2.81,14.1,35.95,11.1,0.45,71.5,171.0,12.0,47.75,0.75,1.2,3925.0,0.71,4.66,5.84,30.3,204.0,200.0,38.55,4.86,1.68,6.22,4.0,6.0,4.17,411.0,1500.0,20.0,11.4,320.0,2.4,0.27,2.02,49.1,10.95,7.2,3.87,38.0,14.5,169.0,2.69,269.75,18.3,5.62,,6.5,3.1,,1.27,21.55,14.15,0.3,15.65,23.5,215.0,3.0,,,,,1149.05,,2546.15,1696.12
2025-05-08,16.55,51.0,5.55,47.2,370.0,31.5,76.0,6.4,1.92,19.25,20.35,2.81,14.1,36.45,11.15,0.45,71.5,170.75,12.75,47.85,0.82,1.2,3925.0,0.68,4.66,5.8,30.05,204.0,200.0,38.5,4.82,1.78,6.58,4.0,6.0,4.09,411.0,1500.0,20.0,11.4,320.0,2.4,0.27,1.93,49.0,10.6,7.1,3.5,38.95,14.5,169.75,2.72,268.5,18.35,5.2,,6.52,3.1,,1.21,21.55,15.3,0.28,15.65,21.15,215.0,3.0,1279.65,2092.84,3382.67,126.13,1141.08,,2547.85,1697.25
2025-05-09,16.65,51.0,5.55,47.2,370.25,33.0,76.0,6.72,1.97,19.25,20.45,2.87,14.25,36.45,11.0,0.45,71.0,174.25,12.0,47.4,0.9,1.2,3925.0,0.66,4.66,5.6,30.0,205.0,200.0,38.5,4.88,1.78,6.88,4.0,6.0,4.14,440.0,1500.0,20.0,11.45,320.0,2.4,0.27,1.86,49.0,10.25,7.28,3.5,40.0,14.05,169.5,2.73,267.75,18.5,5.2,,5.88,3.1,,1.24,22.0,15.3,0.29,15.65,21.15,215.0,3.0,1285.49,2109.29,3395.77,126.87,1147.3,,2555.28,1702.2
2025-05-12,16.9,51.0,5.55,47.2,370.0,33.0,76.0,6.34,1.9,19.3,20.45,2.83,14.2,35.65,11.8,0.45,71.5,175.0,13.0,47.45,0.91,1.21,3925.0,0.63,4.66,5.4,30.0,205.0,200.0,38.45,4.86,1.81,7.16,4.0,6.0,4.18,440.0,1500.0,20.0,11.45,320.0,2.4,0.27,1.78,49.4,10.7,7.34,3.79,40.0,14.0,170.0,2.66,266.5,18.6,5.2,,5.64,3.05,,1.25,22.25,14.0,0.29,15.65,19.05,215.0,3.0,1291.17,2121.98,3407.98,127.22,1151.01,,2560.38,1705.6
2025-05-13,16.75,51.0,5.55,56.5,370.0,33.05,80.0,6.5,1.92,19.45,21.5,2.8,14.3,35.25,11.15,0.45,71.25,178.25,13.0,47.45,0.94,1.14,3925.0,0.65,4.66,5.8,30.15,206.0,200.0,39.9,4.91,1.78,6.98,4.0,6.0,4.19,439.0,1500.0,20.0,11.4,320.0,2.64,0.27,1.89,48.8,11.3,7.28,3.79,40.0,14.0,169.75,2.67,265.25,19.05,5.5,,6.12,3.32,,1.23,21.8,15.4,0.31,15.65,19.05,215.0,3.0,1304.84,2126.84,3436.76,128.82,1142.77,,2597.06,1730.03
2025-05-14,16.95,51.0,5.55,54.0,371.5,34.5,88.0,6.14,1.95,19.3,20.15,2.82,15.05,35.25,11.1,0.45,71.0,190.75,12.6,48.1,0.95,1.18,3925.0,0.63,4.66,5.98,30.75,206.0,200.0,40.9,4.97,1.8,6.96,4.0,6.0,4.22,439.0,1500.0,20.0,11.5,320.0,2.64,0.27,1.97,49.5,12.1,7.34,3.79,40.0,13.95,169.75,2.63,264.25,19.45,5.5,,6.36,3.32,,1.26,22.55,15.1,0.33,15.65,19.05,211.75,3.0,1342.38,2154.27,3513.32,131.35,1144.05,,2659.4,1771.56
2025-05-15,17.1,51.0,5.55,54.0,372.75,34.4,88.0,6.74,1.96,19.35,21.05,2.81,15.1,35.35,11.85,0.45,72.0,192.0,12.25,48.1,0.9,1.21,3925.0,0.62,4.66,6.26,31.7,206.0,200.0,42.6,4.88,1.7,6.96,4.0,6.0,4.36,439.0,1500.0,20.0,11.5,320.0,2.64,0.27,1.84,50.75,12.65,7.42,3.63,40.0,13.95,169.75,2.51,264.0,19.9,5.9,,6.8,3.11,,1.27,22.55,14.55,0.33,15.65,19.05,212.0,2.85,1361.2,2182.6,3563.46,133.36,1146.75,,2698.0,1797.28
2025-05-16,17.1,56.0,5.55,54.0,395.25,34.5,80.0,6.62,2.04,19.3,22.0,2.69,15.5,37.0,12.0,0.45,73.0,192.0,11.35,48.6,0.88,1.22,3925.0,0.63,4.66,6.34,31.9,206.0,200.0,42.85,4.87,1.74,7.14,4.0,6.0,4.6,439.0,1500.0,20.0,11.5,320.0,2.86,0.27,1.76,51.0,12.45,7.46,3.8,40.0,13.85,169.75,2.54,270.0,19.95,5.98,,7.46,3.3,,1.27,22.9,14.3,0.31,15.65,19.3,201.0,3.0,1369.91,2195.93,3587.3,134.27,1147.25,,2721.19,1812.72
2025-05-19,17.5,56.0,5.55,54.0,394.75,34.55,80.5,6.74,2.22,19.35,22.0,2.71,16.45,40.55,12.15,0.45,77.0,188.75,11.35,48.7,0.84,1.17,3925.0,0.59,4.66,6.02,32.55,209.0,200.0,42.8,4.97,1.75,7.06,4.0,6.0,4.63,396.0,1500.0,20.0,11.5,320.0,2.64,0.27,1.81,50.25,12.3,7.44,4.01,39.0,13.95,155.0,2.56,276.25,19.95,6.02,,7.22,3.26,,1.29,23.0,14.7,0.31,15.65,21.2,215.0,3.0,1376.54,2200.81,3588.73,134.51,1149.6,,2737.66,1824.4
2025-05-20,17.6,56.0,5.55,54.0,391.25,34.8,80.5,7.1,2.12,19.4,22.0,2.77,16.45,40.25,12.1,0.45,76.5,190.0,11.35,48.9,0.85,1.16,3910.0,0.57,4.66,6.22,32.85,220.0,200.0,42.7,4.89,1.72,7.18,4.0,6.0,4.5,396.0,1500.0,20.0,10.75,320.0,2.66,0.27,1.95,51.0,11.65,7.24,3.74,39.0,13.95,153.75,2.56,273.25,19.7,6.02,,7.1,3.03,,1.27,22.8,15.45,0.31,15.65,21.2,215.0,2.99,1376.97,2201.2,3592.08,134.02,1147.5,,2730.23,1819.45
2025-05-21,17.65,56.0,5.55,54.0,395.5,34.75,80.5,7.26,2.17,19.35,21.5,2.75,16.05,40.45,12.1,0.45,76.75,192.0,12.45,48.75,0.9,1.19,3910.0,0.56,4.66,6.76,33.5,220.0,203.75,42.2,4.88,1.72,7.24,4.0,6.0,4.43,396.0,1500.0,20.0,11.7,320.0,2.85,0.27,1.95,51.0,11.85,7.38,3.85,39.0,13.95,150.75,2.76,269.5,19.85,6.02,,7.4,3.0,,1.24,22.7,15.4,0.29,15.65,20.0,208.0,2.8,1375.93,2202.88,3591.7,134.27,1147.73,,2722.46,1814.27
2025-05-22,17.65,56.0,5.55,47.2,395.75,34.75,86.5,7.2,2.07,19.3,22.0,2.72,15.85,37.35,11.6,0.45,76.25,187.5,12.45,48.5,0.92,1.19,3910.0,0.53,4.66,6.18,33.85,223.25,200.0,41.65,4.93,1.7,7.24,4.0,6.0,4.46,396.0,1500.0,20.0,11.75,320.0,2.64,0.27,1.87,52.0,11.4,7.0,3.85,39.0,14.0,151.75,2.71,270.0,19.85,6.3,,7.18,2.72,,1.23,22.55,14.55,0.29,15.65,21.2,200.25,2.85,1367.45,2190.0,3577.97,133.84,1150.09,,2704.47,1802.28
2025-05-23,17.75,56.0,5.55,47.2,399.25,35.0,86.75,7.32,2.1,19.2,21.5,2.7,15.7,37.35,11.5,0.45,76.5,189.75,12.45,48.45,0.9,1.17,3910.0,0.52,4.66,6.34,34.5,224.75,200.0,40.8,4.92,1.7,7.2,4.0,6.0,4.47,365.0,1500.0,20.0,11.8,320.0,2.68,0.27,1.95,52.0,11.45,7.14,3.85,39.0,14.0,148.75,2.61,269.25,19.9,6.3,,7.0,2.8,,1.24,23.2,15.5,0.28,15.65,21.2,200.25,3.01,1366.9,2189.83,3577.98,133.91,1148.58,,2695.42,1795.56
2025-05-26,17.9,56.0,5.55,47.2,354.0,33.5,87.5,6.98,2.01,19.1,21.35,2.71,15.55,38.0,11.45,0.45,68.75,191.5,12.0,44.0,0.88,1.17,3910.0,0.51,4.66,6.48,34.0,228.25,200.5,40.8,4.95,1.7,7.26,4.0,6.0,4.39,365.0,1500.0,20.0,11.5,320.0,2.61,0.27,1.83,53.75,11.4,7.08,3.85,36.0,13.95,151.0,2.62,268.75,19.85,5.68,,6.44,3.08,,1.21,23.35,14.15,0.28,15.65,20.05,200.75,3.3,1346.17,2161.38,3523.35,132.37,1148.6,,2695.48,1796.29
2025-05-27,17.9,56.0,5.55,47.2,349.5,35.45,87.0,7.02,1.89,19.25,21.85,2.74,15.55,37.35,11.2,0.45,70.0,185.0,12.0,43.55,0.88,1.17,3910.0,0.55,4.66,6.88,33.8,233.25,200.5,41.35,4.91,1.71,7.36,4.0,6.0,4.5,365.0,1500.0,20.0,11.45,320.0,2.83,0.27,1.83,54.25,11.4,7.22,3.7,34.7,14.0,150.75,2.63,270.0,20.0,5.68,,6.18,3.06,,1.27,23.4,15.5,0.29,15.65,20.05,201.0,3.3,1341.1,2164.88,3515.61,132.71,1148.95,,2690.79,1793.17
2025-05-28,18.0,56.0,5.55,47.2,349.25,35.0,83.75,7.0,1.72,19.3,22.0,2.72,15.5,37.35,11.6,0.45,72.0,180.0,12.0,43.55,0.9,1.21,3910.0,0.56,4.66,6.72,34.0,231.25,205.0,41.85,4.91,1.75,7.58,4.0,6.0,4.52,365.0,1500.0,20.0,11.35,320.0,2.84,0.27,1.83,54.0,11.45,7.14,3.83,32.55,14.0,151.0,2.67,270.0,20.6,6.2,,6.4,3.29,,1.22,23.1,14.3,0.3,15.65,20.05,205.25,3.01,1346.65,2174.41,3531.47,134.12,1151.82,,2707.84,1803.83
2025-05-29,18.0,56.0,5.55,47.2,347.25,35.0,90.0,6.98,1.62,19.25,22.0,2.72,15.5,38.7,11.8,0.45,72.0,183.0,12.0,43.4,0.89,1.17,3910.0,0.58,4.66,6.72,34.0,228.0,205.0,42.25,4.93,1.76,7.66,4.0,6.0,4.5,365.0,1500.0,20.0,11.15,320.0,2.84,0.27,1.9,54.25,11.45,7.36,3.83,30.0,13.65,151.0,2.66,268.75,20.65,6.2,,6.84,3.21,,1.29,23.0,14.1,0.28,15.65,22.0,205.0,3.11,1352.26,2180.26,3541.69,134.45,1151.22,,2716.87,1809.84
2025-05-30,18.3,56.0,5.55,47.2,346.75,35.0,83.5,6.7,1.49,19.5,22.0,2.71,15.5,40.0,11.8,0.45,72.0,179.5,12.0,43.05,0.86,1.18,3910.0,0.62,4.66,6.64,34.0,227.0,204.75,42.1,4.95,1.85,7.84,4.0,6.0,4.54,365.0,1500.0,20.0,11.55,320.0,2.56,0.27,1.91,54.5,11.45,6.92,3.83,28.0,13.75,152.75,2.68,268.5,20.6,6.24,,7.04,3.01,,1.22,24.35,14.1,0.26,15.65,22.0,200.5,3.11,1348.15,2183.46,3535.41,134.21,,,2707.56,1804.34
2025-06-03,18.2,56.0,5.55,47.2,346.75,35.35,80.75,6.7,1.6,19.15,20.4,2.76,15.45,41.4,11.6,0.45,72.0,174.0,12.45,42.5,0.9,1.17,3910.0,0.59,4.66,6.82,34.0,219.75,221.75,43.4,5.0,1.83,8.02,4.0,6.0,4.5,365.0,1500.0,20.0,11.1,320.0,2.56,0.27,1.95,55.0,11.05,7.5,3.49,28.2,14.0,152.5,2.66,268.25,20.45,6.14,,7.38,3.07,,1.24,23.05,14.7,0.25,15.65,22.0,205.5,2.9,1340.72,2180.68,3518.92,133.71,1155.58,,2704.33,1801.49
2025-06-04,18.1,56.0,5.55,47.2,347.75,35.75,83.5,6.98,1.76,19.05,20.5,2.71,15.45,42.6,11.4,0.45,72.0,180.0,12.45,44.05,0.88,1.17,3910.0,0.62,4.66,6.52,34.0,219.0,220.0,43.0,5.0,1.85,8.52,4.0,6.0,4.59,365.0,1500.0,20.0,10.5,320.0,2.42,0.27,1.95,54.75,11.3,7.66,3.49,29.65,14.0,152.0,2.65,268.5,20.85,5.78,,7.3,3.17,,1.19,22.4,14.1,0.23,15.65,22.85,205.5,2.9,1360.18,2193.05,3558.42,135.36,1153.05,,2737.57,1823.64
2025-06-05,18.15,56.0,5.55,47.2,347.5,36.2,84.0,6.96,1.82,19.3,22.0,2.73,15.5,43.2,11.3,0.45,72.0,179.75,12.45,44.95,0.89,1.2,3910.0,0.67,4.66,6.94,33.95,225.0,220.0,43.35,5.0,1.86,8.94,4.0,6.0,4.53,365.0,1500.0,20.0,11.4,320.0,2.42,0.27,1.89,54.75,11.4,7.86,3.29,30.5,14.85,153.0,2.78,269.0,21.05,5.78,,6.62,3.38,,1.17,23.35,14.45,0.25,15.65,22.8,205.5,2.91,1371.42,2212.08,3586.53,135.43,1155.3,,2760.24,1838.74
2025-06-09,18.3,56.0,5.55,47.2,347.5,34.0,85.5,7.02,1.81,19.75,22.0,2.86,15.45,43.95,11.45,0.45,72.0,180.0,12.45,44.35,0.88,1.18,3910.0,0.67,4.66,6.54,34.0,223.0,220.0,43.2,5.0,1.86,8.72,4.0,6.0,4.59,365.0,1500.0,20.0,10.85,320.0,2.42,0.27,1.83,54.0,11.1,7.76,3.29,32.5,15.2,155.0,2.69,268.25,21.3,5.78,,6.4,3.65,,1.16,23.95,14.05,0.25,15.65,22.0,205.0,2.92,1371.39,2203.31,3583.34,136.74,1159.89,,2760.6,1839.69
2025-06-10,18.35,56.0,5.55,47.2,348.5,32.05,85.5,7.06,1.9,20.0,20.45,2.83,15.6,43.95,11.7,0.45,72.0,186.25,12.45,44.65,0.85,1.19,3910.0,0.71,4.66,6.48,34.0,209.25,220.0,43.25,5.0,1.86,8.3,4.0,6.0,4.85,365.0,1500.0,20.0,10.55,320.0,2.66,0.27,1.84,53.75,11.15,8.02,3.6,35.35,15.3,162.5,2.57,269.0,22.6,6.14,,6.36,3.71,,1.18,23.75,14.1,0.25,15.65,22.0,205.0,2.95,1402.54,2210.04,3650.54,140.6,1159.73,,2820.41,1879.54
2025-06-11,18.5,56.0,5.55,47.2,349.0,34.9,87.0,7.34,1.9,20.15,22.0,2.71,15.95,46.55,12.05,0.45,72.0,180.5,12.45,45.45,0.85,1.2,3910.0,0.72,4.66,6.66,34.0,220.0,220.0,43.5,5.16,1.83,8.22,4.0,6.0,4.83,365.0,1500.0,20.0,10.5,320.0,2.7,0.27,1.8,54.25,11.7,8.08,3.7,36.05,15.1,163.0,2.68,269.0,23.85,6.14,,6.38,3.5,,1.17,24.55,15.5,0.26,15.65,22.0,205.75,2.95,1426.01,2235.97,3708.45,144.37,1166.2,,2868.59,1911.65
2025-06-12,18.75,56.0,5.55,47.2,348.75,34.9,88.0,7.48,1.85,20.05,21.9,2.85,16.15,46.55,11.95,0.45,72.5,181.25,12.45,46.0,0.88,1.18,3910.0,0.71,4.66,6.72,33.9,211.25,213.25,44.3,5.42,1.83,8.38,4.1,6.0,4.82,400.0,1500.0,20.0,11.25,320.0,2.56,0.27,1.95,55.0,11.95,8.02,3.5,39.0,15.15,161.75,2.52,270.0,24.9,6.14,,6.36,3.8,,1.17,24.35,15.5,0.26,15.65,22.0,207.0,2.94,1453.83,2264.63,3767.0,147.83,1167.83,,2925.67,1949.69
2025-06-13,18.9,56.0,5.55,47.2,349.0,34.25,85.5,7.68,1.88,20.05,21.9,2.86,16.7,44.55,11.9,0.45,72.5,181.0,12.45,45.35,0.89,1.16,3910.0,0.68,4.66,6.72,34.0,211.25,220.0,44.55,5.52,1.86,8.72,4.1,6.0,4.98,400.0,1500.0,20.0,10.55,320.0,2.7,0.27,1.95,56.0,12.0,7.86,3.85,39.95,15.2,161.75,2.5,275.75,24.65,6.08,,6.48,3.8,,1.19,24.25,15.5,0.26,15.05,21.95,207.25,2.85,1453.3,2281.14,3771.8,147.6,1168.9,,2925.84,1949.81
2025-06-16,18.8,56.0,5.55,47.2,349.5,31.05,86.75,7.54,1.86,19.9,21.05,2.88,16.55,44.0,11.95,0.45,73.25,182.5,12.4,46.45,0.89,1.21,3910.0,0.71,4.66,6.56,34.05,212.0,220.0,44.45,5.58,1.83,8.52,4.1,6.0,4.99,400.0,1500.0,20.0,10.15,320.0,2.7,0.27,1.95,55.0,12.0,7.56,3.8,36.15,15.45,161.5,2.5,282.25,23.55,6.08,,6.72,3.96,,1.17,25.05,15.1,0.27,13.55,20.0,208.0,2.86,1441.68,2261.71,3740.49,144.68,1168.38,,2908.94,1937.04
2025-06-17,19.0,56.0,5.55,47.2,349.5,28.75,85.0,7.3,1.85,20.3,21.05,2.86,16.35,43.95,12.0,0.45,71.0,186.25,12.45,46.3,0.85,1.21,3910.0,0.71,4.66,7.06,34.2,220.5,220.0,43.95,5.42,1.82,8.5,4.1,6.0,4.8,400.0,1500.0,20.0,9.5,320.0,2.7,0.27,1.94,56.0,11.95,8.0,3.8,37.0,15.0,160.0,2.51,284.75,23.0,6.08,,6.88,3.65,,1.2,23.1,14.2,0.28,12.85,20.65,205.75,3.14,1435.87,2249.94,3730.54,143.1,1166.0,,2888.55,1924.95
2025-06-18,18.95,56.0,5.55,47.2,349.5,30.55,85.0,7.08,1.81,20.3,20.35,2.82,16.35,43.95,12.0,0.45,74.0,185.0,12.45,46.1,0.81,1.21,3910.0,0.7,4.66,7.08,34.2,220.0,220.0,44.15,5.42,1.95,8.52,4.1,6.0,4.77,400.0,1500.0,20.0,10.4,320.0,2.83,0.27,1.86,56.0,12.0,8.04,3.8,36.5,14.5,160.0,2.59,284.5,23.5,6.0,,6.86,3.61,,1.21,24.5,14.2,0.28,11.9,20.65,205.75,3.37,1441.87,2266.1,3745.93,144.37,1165.33,,2901.08,1933.31
2025-06-19,18.5,56.0,5.55,47.2,349.25,33.6,89.5,7.48,1.73,20.4,20.0,2.83,16.5,46.4,11.5,0.45,73.0,182.5,11.3,46.1,0.89,1.2,3910.0,0.68,4.66,6.92,34.15,220.0,220.0,43.55,5.5,1.86,8.52,4.1,6.0,4.62,400.0,1500.0,20.0,9.52,320.0,2.65,0.27,1.95,56.0,11.95,8.18,3.8,39.15,15.0,160.0,2.5,282.25,23.7,5.52,,6.72,3.62,,1.2,24.4,15.4,0.29,11.9,20.8,207.5,3.44,1436.96,2265.89,3736.84,144.62,1161.89,,2891.67,1927.03
2025-06-20,18.65,56.0,5.55,47.2,350.0,34.3,90.0,7.46,1.71,20.4,20.7,2.82,16.65,46.4,11.5,0.45,74.0,185.0,11.3,46.15,0.88,1.17,3910.0,0.68,4.66,6.98,34.3,225.0,220.0,43.6,5.54,1.83,8.66,4.1,6.0,4.55,400.0,1500.0,20.0,10.25,295.0,2.65,0.27,1.76,56.0,11.95,8.12,3.42,38.3,14.9,160.25,2.47,283.0,23.95,5.52,,6.54,3.38,,1.12,24.9,15.15,0.3,12.4,20.05,208.25,3.71,1447.35,2277.04,3760.63,145.68,1156.88,,2908.7,1938.38
2025-06-23,18.7,56.0,5.55,47.2,358.0,33.5,85.0,7.54,1.0,20.25,21.5,2.77,16.65,41.8,11.5,0.45,74.0,181.25,11.6,46.15,0.88,1.17,3910.0,0.69,4.66,6.98,34.4,235.0,220.0,43.55,5.66,1.8,8.8,4.1,6.0,4.79,400.0,1500.0,20.0,10.2,295.0,2.65,0.27,1.9,56.75,11.5,7.92,3.42,37.8,14.75,161.0,2.59,288.75,23.9,5.52,,6.68,3.65,,0.71,25.0,14.35,0.3,12.35,20.1,207.75,3.8,1442.91,2280.76,3761.26,145.76,1158.0,,2907.99,1937.91
2025-06-24,18.65,56.0,5.55,47.2,359.25,33.2,92.0,7.54,1.0,20.4,20.1,2.73,17.0,38.0,11.45,0.45,74.0,189.5,11.6,46.5,0.86,1.15,3910.0,0.65,4.66,6.98,34.65,213.0,217.5,44.0,5.66,1.82,9.06,4.1,6.0,4.74,400.0,1500.0,20.0,10.1,295.0,2.65,0.27,1.92,57.0,11.5,8.1,3.7,34.5,15.0,160.5,2.46,290.25,24.05,6.0,,6.64,3.65,,0.71,24.95,14.45,0.3,19.25,20.0,206.5,3.66,1461.98,2294.05,3794.8,147.49,1148.53,,2940.19,1959.37
2025-06-25,18.65,56.0,5.55,47.2,360.25,32.65,92.0,7.52,1.0,20.3,20.0,2.77,17.0,38.0,11.45,0.45,74.25,189.5,12.4,47.1,0.86,1.17,3910.0,0.66,4.66,7.0,34.7,213.0,217.5,44.45,5.96,1.87,9.68,4.1,6.0,4.89,400.0,1500.0,20.0,10.2,295.0,2.89,0.27,1.92,58.0,11.95,8.2,3.7,34.05,14.9,161.25,2.58,293.0,24.15,6.0,,6.72,3.48,,0.71,24.7,15.0,0.32,19.75,20.2,205.5,3.66,1469.98,2318.17,3818.82,148.5,1154.69,,2961.99,1973.13
2025-06-26,18.7,56.0,5.55,47.2,359.5,32.65,92.0,7.52,1.0,20.4,21.85,2.77,16.9,38.1,11.65,0.45,74.75,185.0,11.3,47.85,0.89,1.17,3910.0,0.69,4.66,7.04,35.0,215.0,217.5,45.3,6.36,1.88,10.55,4.1,6.0,4.73,400.0,1500.0,20.0,10.4,295.0,2.9,0.27,1.94,57.5,11.75,8.48,3.7,36.05,14.65,161.0,2.54,294.75,24.55,6.0,,7.0,3.8,,0.71,24.95,14.05,0.3,19.35,20.2,206.25,3.67,1480.14,2342.91,3841.6,149.88,1155.08,,2991.62,1992.87
2025-06-27,18.95,56.0,5.55,47.2,354.5,34.15,85.25,7.76,1.0,20.6,21.85,2.88,17.35,38.05,11.5,0.45,75.5,186.0,11.3,48.85,0.88,1.15,3910.0,0.64,4.66,7.3,35.55,225.0,221.0,46.5,6.84,1.91,11.4,4.1,6.0,4.74,400.0,1500.0,20.0,10.2,295.0,2.9,0.27,1.96,58.75,12.1,8.62,4.04,37.5,14.5,161.5,2.59,296.5,24.95,6.02,,7.22,4.14,,0.71,24.45,14.95,0.3,19.15,20.4,200.0,3.88,1507.39,2396.78,3909.5,152.45,1155.86,,3046.28,2029.28
2025-06-30,19.2,56.0,5.55,47.2,361.0,33.7,85.25,8.06,1.0,20.2,21.0,2.98,17.9,37.8,11.7,0.45,77.25,184.5,11.3,48.9,0.89,1.19,3910.0,0.68,4.66,7.5,35.75,225.0,226.0,46.6,7.46,1.97,11.5,4.1,6.0,4.81,400.0,1500.0,20.0,10.35,310.0,2.9,0.27,1.96,59.5,13.0,9.02,4.01,35.65,15.3,164.5,2.75,299.75,25.0,6.5,,7.04,4.48,,0.71,23.45,15.0,0.29,17.85,20.4,212.0,3.78,1516.93,2440.26,3938.28,153.43,1159.52,,3068.19,2043.88
2025-07-01,19.65,56.0,5.55,47.2,362.0,33.4,85.25,7.86,1.0,20.2,21.5,2.91,17.55,39.55,11.6,0.45,80.25,186.5,11.3,49.95,0.94,1.12,3910.0,0.7,4.66,7.56,36.25,225.0,226.0,46.3,6.86,2.0,10.4,4.1,6.0,5.08,400.0,1500.0,20.0,10.5,310.0,2.89,0.27,1.96,61.25,13.4,8.56,3.63,39.0,14.95,173.5,2.65,302.0,26.0,6.5,,7.18,4.83,,0.71,23.85,14.1,0.31,17.95,20.25,212.25,3.91,1540.4,2438.43,4007.96,156.58,1159.97,,3109.42,2071.34
2025-07-02,19.6,56.0,5.55,47.2,365.0,34.2,85.25,7.96,1.0,20.8,21.9,2.83,17.05,39.55,12.0,0.45,79.25,187.5,11.3,50.25,0.88,1.2,3910.0,0.67,4.66,7.7,36.75,230.0,245.0,46.6,6.74,2.02,9.78,4.1,6.0,5.18,400.0,1500.0,20.0,10.05,310.0,2.85,0.27,1.96,60.75,13.95,8.66,3.8,39.0,15.3,174.5,2.71,304.75,26.45,6.3,,7.2,5.3,,0.71,24.0,14.1,0.29,18.0,20.5,219.0,3.88,1548.2,2439.78,4026.68,157.86,1153.97,,3127.27,2084.04
2025-07-03,19.95,56.0,5.55,47.2,365.25,33.85,85.25,7.62,1.0,20.5,21.5,2.92,17.1,40.75,12.25,0.45,80.0,190.0,11.3,52.0,0.86,1.24,4040.0,0.65,4.66,7.72,37.3,225.0,267.5,46.4,7.08,2.01,10.55,4.1,6.0,5.4,395.0,1500.0,20.0,9.62,310.0,2.85,0.27,1.81,62.5,13.4,9.1,3.76,39.5,15.0,177.25,2.74,308.5,26.75,6.86,,7.56,5.76,,0.71,23.95,15.1,0.3,19.65,21.05,227.0,4.21,1571.16,2473.79,4085.6,160.13,1149.81,,3169.59,2112.24
2025-07-04,19.95,56.0,5.55,47.2,367.25,34.65,85.25,7.8,1.0,20.9,21.8,3.04,17.3,40.85,12.2,0.45,78.0,191.25,11.35,51.75,0.92,1.26,4040.0,0.67,4.66,7.74,37.4,233.0,281.0,47.0,7.16,2.1,11.5,4.1,6.0,5.14,365.25,1500.0,20.0,9.92,310.0,2.81,0.27,1.85,62.75,14.0,9.24,3.76,39.4,15.05,177.5,2.75,306.0,26.95,6.8,,7.62,6.16,,0.71,23.95,15.25,0.3,20.9,21.65,230.0,4.06,1579.05,2503.72,4107.72,161.17,1154.42,,3185.11,2122.59
2025-07-07,19.95,56.0,5.55,47.2,373.25,35.25,91.25,8.46,1.0,21.1,21.95,3.15,17.3,40.95,12.25,0.45,80.0,193.5,11.35,50.5,0.85,1.29,4040.0,0.66,4.66,7.48,37.7,230.0,304.0,47.0,7.32,2.31,11.65,4.1,6.0,5.2,365.25,1500.0,20.0,10.7,310.0,2.81,0.27,1.86,62.75,14.0,9.42,3.76,42.8,15.25,180.0,2.75,305.0,27.2,6.62,,7.9,6.62,,0.71,24.05,15.25,0.31,22.5,21.8,234.25,3.88,1579.58,2540.41,4117.34,162.33,1153.76,,3185.59,2122.91
2025-07-08,19.95,56.0,5.55,47.2,380.25,35.35,91.5,8.42,1.0,21.75,22.0,3.36,17.25,40.95,12.35,0.45,79.0,200.25,12.45,50.5,0.9,1.33,4040.0,0.68,4.66,7.62,37.6,230.0,301.0,47.3,7.38,2.43,11.1,4.1,6.0,5.2,365.25,1500.0,20.0,10.65,310.0,2.78,0.27,1.89,62.75,14.05,9.74,3.78,39.95,15.5,178.25,2.75,303.25,27.2,6.58,,8.06,7.1,,0.71,23.55,15.25,0.31,23.7,20.8,232.0,3.89,1588.86,2556.38,4132.27,162.83,1156.35,,3200.25,2132.67
2025-07-09,19.9,56.0,5.55,47.2,373.0,35.8,89.0,8.28,1.0,21.35,22.0,3.57,17.15,37.15,12.3,0.45,78.25,203.0,13.1,49.5,0.88,1.34,3900.0,0.69,4.66,7.78,37.15,225.75,320.0,46.5,7.24,2.42,10.8,4.1,6.0,5.2,365.25,1500.0,20.0,10.9,310.0,2.73,0.27,1.94,62.25,14.15,9.74,4.14,40.0,15.3,176.75,2.65,297.5,26.85,6.5,,7.94,6.62,,0.71,23.15,14.05,0.3,22.1,20.15,230.0,4.2,1575.32,2543.81,4094.85,161.0,1156.08,,3162.63,2107.61
2025-07-10,19.85,56.0,5.55,47.2,373.25,35.5,89.0,8.24,1.0,21.65,22.5,3.39,17.05,37.3,12.3,0.45,78.25,210.5,12.95,49.5,0.91,1.34,3900.0,0.69,4.66,7.56,36.8,226.0,302.0,46.5,7.16,2.21,10.6,4.1,6.0,5.34,369.75,1500.0,20.0,10.85,310.0,2.54,0.27,1.9,62.0,14.4,9.78,4.11,43.4,15.25,173.0,2.65,301.75,26.55,6.82,,7.78,6.02,,0.71,23.65,14.1,0.32,21.3,20.1,230.75,4.23,1575.69,2516.27,4088.43,160.27,1153.98,,3163.57,2108.23
2025-07-11,19.9,56.0,5.55,47.2,381.0,35.1,89.0,8.18,1.0,20.7,22.05,3.29,17.05,37.3,12.05,0.45,79.25,211.75,11.75,49.65,0.92,1.31,3900.0,0.69,4.66,7.42,36.15,226.0,321.5,46.4,7.08,2.26,11.05,4.1,6.0,5.32,400.0,1500.0,20.0,10.9,310.0,2.58,0.27,1.85,63.5,14.0,9.66,4.25,45.05,15.75,171.0,2.53,301.25,26.0,6.5,,8.0,5.42,,0.71,24.05,15.2,0.31,21.25,20.5,239.75,4.22,1567.28,2513.67,4077.04,159.06,1156.88,,3149.64,2098.95
2025-07-14,19.65,56.0,5.55,47.2,379.75,35.05,89.0,8.04,1.0,21.75,22.0,3.42,16.9,40.0,11.7,0.45,79.0,209.0,11.75,48.55,0.91,1.3,3900.0,0.68,4.66,7.38,36.8,226.0,320.75,46.15,7.04,2.25,11.15,4.1,6.0,5.42,400.0,1500.0,20.0,10.8,310.0,2.52,0.27,1.85,63.25,14.0,9.92,4.2,46.8,15.05,170.5,2.61,301.0,25.7,7.02,,8.0,5.38,,0.71,23.2,15.25,0.3,20.6,21.0,240.0,4.48,1550.19,2502.86,4039.89,157.69,1155.69,,3114.76,2075.7
2025-07-15,19.75,56.0,5.55,47.2,377.5,35.1,89.0,8.02,1.0,21.2,22.55,3.32,17.0,38.45,12.0,0.45,78.5,206.25,11.75,49.45,0.9,1.32,3900.0,0.69,4.66,7.38,36.7,230.5,320.0,46.35,7.1,2.28,11.2,4.1,6.0,5.34,400.0,1500.0,20.0,10.85,310.0,2.7,0.27,1.81,62.75,14.0,9.86,4.3,47.5,15.2,170.0,2.67,301.25,25.6,6.76,,8.04,5.32,,0.71,23.4,14.5,0.32,15.75,20.85,240.25,4.25,1553.09,2504.4,4043.51,157.04,1154.15,,3122.78,2081.05
2025-07-16,19.8,56.0,5.55,47.2,377.5,35.15,89.0,8.06,1.0,21.7,23.35,3.23,16.95,40.65,12.0,0.45,78.5,208.25,11.65,49.45,0.91,1.34,3900.0,0.68,4.66,7.34,36.7,237.25,340.75,45.9,7.04,2.2,11.0,4.1,6.0,5.28,400.0,1500.0,20.0,10.7,310.0,2.69,0.27,1.77,63.5,13.95,9.78,4.43,47.65,15.35,171.0,2.7,301.5,25.85,6.6,,8.14,5.38,,0.71,23.45,15.0,0.32,14.25,19.1,240.5,4.23,1557.13,2496.77,4057.97,157.6,1156.26,,3127.2,2083.19
2025-07-17,19.7,56.0,5.55,47.2,381.0,35.3,89.0,8.14,1.0,21.3,23.35,3.21,16.85,40.0,11.8,0.45,78.0,199.5,11.5,50.0,0.9,1.33,3900.0,0.65,4.66,7.5,36.55,235.0,340.75,45.9,7.12,2.14,10.7,4.1,6.0,5.28,400.0,1500.0,20.0,10.8,310.0,2.54,0.27,1.82,63.0,13.85,9.66,4.4,47.65,15.5,171.25,2.57,302.0,26.1,6.46,,8.34,5.5,,0.71,23.85,15.0,0.32,14.0,19.9,239.25,4.53,1552.39,2487.98,4046.55,157.79,1156.0,,3127.07,2083.91
2025-07-18,19.55,56.0,5.55,47.2,381.0,35.05,90.75,8.28,1.0,21.9,23.35,3.33,16.75,41.0,11.85,0.45,78.25,194.25,11.5,49.5,0.93,1.27,3900.0,0.68,4.66,7.72,36.5,235.0,321.75,46.2,7.16,2.21,10.7,4.1,6.0,5.3,400.0,1500.0,20.0,10.85,310.0,2.53,0.27,1.81,63.0,13.8,9.52,4.01,47.15,15.55,173.5,2.58,304.5,26.25,6.46,,8.16,5.0,,0.71,24.0,15.0,0.32,13.65,19.55,235.25,4.52,1545.47,2500.78,4038.52,157.93,1157.31,,3121.91,2080.47
2025-07-21,19.6,56.0,5.55,47.2,380.0,35.05,90.0,8.42,1.0,21.95,23.5,3.3,16.45,41.0,12.0,0.45,78.0,196.0,11.95,49.8,0.87,1.27,3900.0,0.66,4.66,7.68,36.15,235.25,325.25,46.9,7.08,2.24,10.8,4.1,6.0,5.22,400.0,1500.0,20.0,10.65,310.0,2.6,0.27,1.83,63.0,13.65,9.34,4.0,48.4,15.45,176.25,2.52,305.75,26.45,6.16,,7.76,5.0,,0.71,24.1,14.3,0.31,13.35,19.55,239.75,4.35,1551.59,2507.43,4056.82,158.63,1161.02,,3141.93,2093.81
2025-07-22,19.45,56.0,5.55,47.2,379.75,34.75,90.0,8.54,1.0,21.7,23.5,3.34,16.45,41.5,11.5,0.45,78.25,193.0,11.0,49.7,0.86,1.29,4080.0,0.67,4.66,7.78,36.15,235.25,328.5,47.55,7.14,2.22,10.75,4.1,6.0,5.36,400.0,1500.0,20.0,10.4,310.0,2.6,0.27,1.82,63.0,13.55,9.8,4.0,48.95,15.4,177.25,2.63,305.5,27.0,6.14,,8.02,5.0,,0.71,24.0,14.9,0.31,12.25,18.95,239.75,4.22,1557.62,2507.36,4070.99,159.92,1169.22,,3160.67,2106.3
2025-07-23,19.55,61.5,5.55,47.2,380.5,34.5,89.25,8.42,1.0,21.4,23.5,3.25,16.5,44.9,11.4,0.45,78.0,198.25,11.15,50.0,0.88,1.27,4080.0,0.65,4.66,7.88,36.15,238.5,329.25,48.25,7.16,2.2,10.9,4.1,6.0,5.2,400.0,1500.0,20.0,11.0,310.0,2.65,0.27,1.83,64.0,13.55,9.78,3.64,45.0,15.1,177.0,2.61,307.0,27.2,6.36,,8.02,5.04,,0.71,24.1,14.7,0.31,11.55,19.55,239.25,4.33,1572.7,2512.88,4106.07,160.98,1165.18,,3190.71,2126.32
2025-07-24,19.45,63.5,5.55,47.2,379.25,35.0,89.5,8.44,1.0,21.6,24.8,3.37,16.6,41.25,11.6,0.45,78.0,198.0,11.6,50.25,0.93,1.27,4080.0,0.65,4.66,7.82,36.5,235.0,332.25,47.3,7.26,2.21,10.9,4.1,6.0,5.18,439.0,1500.0,20.0,11.0,310.0,2.68,0.27,1.83,64.25,13.65,9.6,3.86,46.75,15.45,176.75,2.68,309.25,26.9,6.62,5.9,8.0,5.5,,0.71,24.95,14.7,0.31,10.65,19.55,241.5,4.05,1566.92,2521.81,4094.94,160.23,1154.15,,3173.57,2114.9
2025-07-25,19.5,63.5,5.55,47.2,398.5,35.5,89.5,8.8,1.0,21.65,24.8,3.36,16.65,43.95,11.55,0.45,77.0,196.25,11.6,50.5,0.91,1.28,4080.0,0.68,4.66,7.84,36.9,231.75,330.75,47.5,7.3,2.2,10.9,4.1,6.0,5.2,439.0,1500.0,20.0,11.0,310.0,2.69,0.27,1.81,64.75,13.7,9.9,3.9,47.75,15.05,176.75,2.6,309.0,26.9,6.02,5.92,8.1,5.92,,0.71,25.45,14.3,0.3,9.94,19.25,245.25,4.18,1569.11,2536.04,4104.79,160.53,1152.52,,3182.27,2120.69
2025-07-28,19.35,63.5,5.55,47.2,398.75,34.55,89.5,8.48,1.0,21.55,24.8,3.38,17.0,43.0,11.55,0.45,80.0,207.0,11.6,49.8,0.94,1.25,4080.0,0.63,4.66,7.8,36.85,231.75,338.25,47.1,7.38,2.21,10.95,4.1,6.0,5.22,439.0,1500.0,20.0,10.9,310.0,2.69,0.27,1.81,65.25,13.7,10.0,3.8,44.4,15.05,176.5,2.55,310.75,27.15,6.6,5.9,7.8,6.48,,0.71,25.4,14.3,0.3,9.56,19.55,245.5,4.18,1581.92,2543.57,4130.57,161.55,1155.7,,3197.56,2130.88
2025-07-29,19.5,67.5,5.55,47.2,399.75,37.1,89.5,8.52,1.0,21.95,24.05,3.39,17.0,40.1,11.55,0.45,76.5,224.0,12.4,50.25,0.92,1.26,4080.0,0.63,4.66,7.82,36.9,231.75,339.5,47.3,7.34,2.21,11.0,4.1,6.0,5.14,439.0,1500.0,20.0,10.95,310.0,2.68,0.27,1.8,65.75,13.55,9.96,4.0,43.25,15.05,177.0,2.51,310.25,27.85,6.6,5.9,7.96,7.08,,0.71,25.35,14.5,0.29,9.52,19.55,245.25,4.18,1617.48,2565.78,4204.21,164.49,1153.16,,3254.74,2168.99
2025-07-30,19.5,67.5,5.55,47.2,402.0,35.9,89.5,8.54,1.0,21.6,24.05,3.39,17.0,39.6,11.5,0.45,77.5,226.0,11.7,50.25,0.9,1.2,4080.0,0.61,4.66,7.8,36.95,239.0,345.0,47.35,7.4,2.22,11.35,4.1,6.0,5.1,439.0,1500.0,20.0,10.9,310.0,2.46,0.27,1.83,66.0,13.7,9.66,4.03,44.6,15.2,177.0,2.55,315.0,27.4,6.6,6.26,7.98,7.76,,0.71,25.45,14.5,0.29,9.58,20.0,245.0,4.2,1613.27,2570.81,4199.94,163.67,1150.14,,3249.25,2165.33
2025-07-31,19.5,67.5,5.55,47.2,400.25,35.5,90.0,8.54,1.0,21.7,23.9,3.4,17.0,39.6,11.65,0.45,79.5,210.75,12.05,50.5,0.94,1.26,4080.0,0.63,4.66,7.78,36.65,244.0,339.5,47.4,7.36,2.21,11.3,4.1,6.0,5.02,439.0,1500.0,20.0,10.9,310.0,2.58,0.27,1.83,66.25,13.4,9.52,4.23,47.5,15.15,177.25,2.57,316.25,26.3,6.52,5.92,8.1,8.52,,0.71,25.5,14.5,0.29,9.6,20.1,245.5,4.2,1578.79,2558.63,4135.28,160.22,1155.11,,3195.88,2129.76
2025-08-01,19.5,67.5,5.55,47.2,404.5,35.2,90.0,8.46,1.0,22.05,23.7,3.41,16.7,43.25,11.75,0.45,76.5,210.25,12.5,50.5,0.94,1.26,4080.0,0.63,4.66,7.52,36.85,267.0,310.5,47.3,7.26,2.22,11.2,4.1,6.0,5.02,439.0,1500.0,20.0,10.7,310.0,2.59,0.27,1.8,62.75,13.2,10.35,4.48,50.75,15.05,178.5,2.59,315.0,26.0,6.52,5.9,8.22,8.74,,0.71,25.5,14.5,0.29,9.5,19.4,224.5,4.5,1570.16,2537.5,4106.83,158.95,1151.6,,3200.53,2132.86
2025-08-04,19.5,74.0,5.55,47.2,405.0,35.0,89.25,7.64,1.0,21.95,23.7,3.39,16.65,43.25,11.8,0.45,77.25,209.75,12.55,50.25,0.98,1.24,4080.0,0.63,4.66,7.5,36.7,240.5,303.5,47.05,7.22,2.2,11.2,4.1,6.0,5.0,439.0,1500.0,20.0,10.85,310.0,2.59,0.27,1.74,64.75,13.4,10.2,4.45,45.75,15.6,179.75,2.69,311.5,25.75,6.5,6.12,8.02,9.46,,0.71,27.25,14.5,0.29,9.5,19.5,225.25,4.5,1562.2,2522.6,4091.45,158.02,1152.14,,3183.71,2121.65
2025-08-05,19.55,74.0,5.55,47.2,405.0,34.5,90.0,7.7,1.0,22.15,24.8,3.38,16.6,41.0,11.7,0.45,77.25,208.75,13.1,50.5,1.01,1.25,4080.0,0.63,4.66,7.42,36.6,260.0,310.0,47.15,7.28,2.22,11.25,4.1,6.0,4.99,439.0,1500.0,20.0,10.65,310.0,2.62,0.27,1.71,64.5,13.4,10.15,4.52,45.7,15.85,178.0,2.61,313.25,25.85,6.5,5.98,8.4,10.35,792.0,0.71,27.0,14.5,0.3,9.5,20.4,237.75,4.43,1564.17,2521.09,4097.37,158.38,1153.69,,3190.0,2125.85
2025-08-06,19.65,74.0,5.55,47.2,408.75,34.5,89.75,7.78,1.0,22.0,24.8,3.36,16.55,41.0,11.55,0.45,76.75,207.75,13.0,51.5,1.05,1.26,3985.0,0.64,4.66,7.28,36.75,265.0,316.5,47.5,7.24,2.2,11.35,4.1,6.0,4.9,439.0,1500.0,20.0,10.35,310.0,2.68,0.27,1.72,64.75,13.55,10.15,4.59,47.2,16.2,179.75,2.69,317.75,26.0,6.5,6.1,8.38,10.9,792.0,0.71,27.4,14.5,0.29,9.5,20.4,238.0,4.5,1572.71,2525.07,4122.17,159.24,1150.78,,3213.86,2141.74
2025-08-07,19.7,74.0,5.55,47.2,414.75,35.45,89.5,7.62,1.0,22.45,23.75,3.38,16.8,43.7,11.7,0.45,77.75,209.5,13.45,52.0,1.04,1.27,3985.0,0.65,4.66,7.38,36.75,264.5,316.5,48.05,7.42,2.25,11.4,4.1,6.0,4.91,439.0,1500.0,20.0,10.6,310.0,2.61,0.27,1.71,65.0,13.6,9.9,4.98,47.65,16.3,180.0,2.61,319.0,26.4,5.96,6.1,8.12,11.8,792.0,0.71,26.9,14.5,0.29,9.48,20.4,235.0,4.4,1589.48,2549.09,4159.04,160.98,1147.58,,3249.69,2160.6
2025-08-08,19.85,74.0,5.55,47.2,419.0,35.95,89.75,8.0,1.0,22.6,24.6,3.42,16.95,43.75,11.75,0.45,79.5,208.0,14.0,52.5,1.06,1.27,3985.0,0.65,4.66,7.3,37.3,260.0,317.75,48.35,7.44,2.25,11.3,4.1,6.0,4.9,410.0,1500.0,20.0,10.0,310.0,2.75,0.27,1.72,66.25,13.7,10.35,5.4,48.55,15.95,180.75,2.73,321.0,26.25,5.94,6.12,8.38,12.55,792.0,0.71,26.95,14.1,0.31,9.46,20.4,244.75,4.32,1593.22,2569.28,4176.79,161.19,1148.69,,3258.8,2171.69
2025-08-11,19.95,74.0,5.55,47.2,425.0,35.95,90.0,8.28,1.0,21.95,24.6,3.45,16.9,43.75,11.6,0.45,79.75,208.25,15.0,52.0,1.13,1.28,3985.0,0.62,4.66,7.5,38.75,269.75,319.25,48.35,7.44,2.24,11.3,4.1,6.0,4.88,400.0,1500.0,20.0,10.9,310.0,2.95,0.27,1.71,66.75,13.4,10.75,5.72,49.55,15.85,185.25,2.67,329.5,26.4,5.96,6.1,8.26,13.75,792.0,0.71,27.75,14.4,0.31,9.34,19.55,235.75,4.09,1597.69,2590.7,4201.88,162.18,1150.95,,3267.1,2177.22
2025-08-12,19.95,74.0,5.55,47.2,429.0,35.95,90.0,8.02,1.0,22.0,24.75,3.57,17.0,45.55,11.95,0.45,80.75,208.0,14.5,52.75,1.24,1.23,3985.0,0.64,4.66,8.04,38.4,274.5,325.5,48.5,7.4,2.27,11.25,4.1,6.0,4.78,400.0,1500.0,20.0,11.15,310.25,2.94,0.27,1.78,66.5,13.85,10.75,6.02,49.9,16.05,184.25,2.74,330.0,26.3,6.2,5.9,8.1,14.85,800.0,0.71,27.9,14.5,0.31,9.46,19.65,239.25,4.49,1602.12,2607.39,4209.58,162.22,1159.51,,3275.92,2183.1
2025-08-13,19.8,74.0,5.55,47.2,434.5,36.0,89.25,8.06,1.0,21.8,26.4,3.71,17.35,45.55,11.85,0.45,81.0,207.75,14.6,54.0,1.35,1.24,3985.0,0.65,4.66,8.84,38.3,275.75,326.5,49.35,7.4,2.26,11.05,4.1,6.0,4.76,385.75,1500.0,20.0,11.35,310.25,2.85,0.27,1.77,65.25,13.7,10.65,6.48,50.25,16.0,184.25,2.78,333.5,26.35,6.04,6.0,8.28,14.3,800.0,0.71,28.0,14.3,0.31,9.32,19.75,241.75,4.42,1616.66,2629.39,4235.84,162.96,1160.96,,3309.17,2205.26
2025-08-14,20.0,74.0,5.55,47.2,438.75,36.0,90.0,8.3,1.0,21.75,29.0,3.86,17.4,45.5,11.9,0.45,81.0,204.25,14.15,54.75,1.48,1.26,3985.0,0.65,4.66,9.58,38.0,273.5,326.25,52.75,7.44,2.28,11.1,4.1,6.0,4.72,402.75,1500.0,20.0,11.5,310.25,2.82,0.27,1.72,65.75,12.7,10.6,6.9,53.75,15.95,184.5,2.85,333.0,26.5,6.1,6.2,8.3,14.5,800.0,0.71,29.3,14.45,0.3,9.36,19.65,241.25,4.13,1635.0,2664.29,4279.56,164.38,1160.58,,3367.29,2243.99
2025-08-15,19.95,74.0,5.55,47.2,442.0,36.15,89.25,8.3,1.0,21.8,31.9,3.97,17.35,45.5,12.0,0.45,81.5,207.0,14.0,54.5,1.62,1.22,3985.0,0.69,4.66,9.22,37.55,286.25,327.0,54.0,7.42,2.29,11.2,4.1,6.0,4.7,372.0,1500.0,20.0,11.35,310.25,2.87,0.27,1.71,64.75,13.05,10.75,6.56,55.0,16.0,184.25,2.87,335.25,26.9,5.98,6.2,8.3,14.7,800.0,0.71,29.55,13.8,0.3,9.3,19.75,242.25,4.26,1644.52,2670.48,4299.73,165.66,1179.17,,3398.43,2264.74
2025-08-18,19.9,74.0,5.55,47.2,439.0,36.5,89.5,8.3,1.0,22.2,31.2,4.14,17.1,44.05,11.85,0.45,85.0,207.0,15.3,54.75,1.47,1.27,3985.0,0.7,4.66,8.98,38.7,289.75,326.5,54.5,7.44,2.39,11.35,4.1,6.0,4.71,400.0,1500.0,20.0,11.45,310.25,2.84,0.27,1.72,65.0,13.9,11.55,6.28,58.5,16.0,184.0,2.81,336.0,27.0,6.06,6.2,8.3,14.75,809.0,0.71,28.45,13.7,0.31,9.3,19.95,241.5,4.36,1649.71,2689.51,4316.91,166.34,1182.09,,3407.69,2270.92
2025-08-19,19.6,74.0,5.55,47.2,437.5,36.55,93.0,8.3,1.0,22.45,33.0,4.17,17.25,47.9,11.75,0.45,87.0,211.25,16.5,54.75,1.34,1.31,3985.0,0.69,4.66,9.32,38.75,281.0,321.0,54.5,7.44,2.43,11.3,4.1,6.0,4.7,405.75,1500.0,20.0,11.0,310.25,2.82,0.27,1.68,64.5,13.75,12.05,5.98,62.75,16.0,183.5,2.8,341.5,26.8,5.98,6.16,8.4,14.5,810.0,0.71,29.25,15.0,0.3,9.3,19.25,240.75,4.18,1651.64,2700.67,4317.27,166.18,1181.65,,3409.86,2272.36
2025-08-20,19.6,80.0,5.55,47.2,439.75,38.8,99.25,8.5,1.0,22.15,33.05,4.38,17.25,44.5,11.8,0.45,87.25,215.5,17.95,55.75,1.24,1.43,4050.0,0.7,4.66,9.4,38.45,290.0,329.0,54.5,7.48,2.5,11.35,4.1,6.0,4.7,381.0,1500.0,20.0,10.5,310.25,3.02,0.27,1.75,64.0,13.75,13.15,5.6,58.25,16.15,182.0,2.85,335.0,27.25,6.2,6.2,9.1,13.65,811.0,0.71,30.3,14.9,0.3,9.3,19.95,240.25,4.36,1669.32,2728.26,4351.1,167.75,1187.49,,3438.26,2291.28
2025-08-21,19.9,80.0,5.55,47.2,440.25,38.9,90.75,8.86,1.0,22.75,32.35,4.45,17.35,45.35,12.1,0.45,88.0,216.25,19.55,55.75,1.16,1.52,3985.0,0.72,4.66,9.42,38.4,276.0,327.75,54.0,7.52,2.5,11.25,4.1,6.0,4.69,419.0,1500.0,20.0,11.05,310.25,2.95,0.27,1.71,62.0,13.75,14.4,5.16,62.0,17.0,183.5,2.85,312.25,27.9,6.2,6.24,8.2,12.85,811.0,0.71,30.8,14.9,0.3,9.3,20.0,243.25,4.65,1681.84,2733.31,4365.68,168.87,1189.48,,3444.4,2295.38
2025-08-22,19.95,80.0,5.55,47.2,441.0,39.3,90.75,8.78,1.0,22.35,32.0,4.68,17.35,47.9,12.6,0.45,87.75,218.0,21.1,55.0,1.13,1.53,3985.0,0.77,4.66,9.36,38.2,288.75,320.25,54.0,7.56,2.66,11.4,4.1,6.0,4.69,381.0,1500.0,20.0,11.05,310.25,2.8,0.27,1.66,62.25,13.0,15.75,5.04,60.25,18.0,183.75,2.85,315.25,28.25,6.82,6.2,7.72,12.9,892.0,0.71,31.35,15.5,0.3,9.38,20.5,240.0,4.75,1685.33,2758.62,4381.7,170.03,1191.61,,3451.81,2300.31
2025-08-25,19.85,80.0,5.55,47.2,440.0,41.7,100.5,8.76,1.0,22.8,32.05,5.0,17.45,48.0,12.85,0.45,88.0,220.0,22.75,55.5,1.18,1.68,3985.0,0.78,4.66,9.5,38.35,294.25,324.0,54.0,7.6,2.74,11.75,4.1,6.0,4.76,387.0,1500.0,20.0,11.1,310.25,2.8,0.27,1.67,62.5,13.45,15.6,5.52,61.75,18.3,182.75,2.93,317.25,28.1,6.8,6.2,7.66,13.9,898.0,0.71,33.15,15.15,0.29,9.7,20.5,240.25,5.0,1689.51,2792.72,4395.53,170.41,1190.04,,3457.4,2304.04
2025-08-26,19.9,80.0,5.55,47.2,442.0,41.45,109.75,9.0,1.0,22.75,31.4,5.34,17.55,46.75,13.4,0.45,88.0,220.0,22.8,56.0,1.27,1.82,3985.0,0.81,4.66,9.48,38.7,294.0,329.0,54.0,7.82,2.99,12.4,4.1,6.0,4.99,387.0,1500.0,20.0,11.05,310.25,2.73,0.27,1.67,63.5,13.85,14.7,5.54,60.75,18.15,183.75,2.92,320.0,28.5,6.78,6.2,8.14,15.2,845.0,0.71,31.75,15.15,0.29,10.05,20.35,242.5,5.5,1702.39,2845.04,4432.38,172.35,1190.39,,3482.0,2320.43
2025-08-27,20.0,80.0,5.55,47.2,440.0,41.3,119.5,8.96,1.0,23.1,29.25,4.84,17.55,48.35,13.75,0.45,89.0,215.5,22.55,56.0,1.35,1.84,4090.0,0.88,4.66,9.66,38.55,274.75,323.25,53.75,8.0,2.94,12.65,4.1,6.0,4.0,400.5,1500.0,20.0,10.95,310.25,2.8,0.27,1.66,63.75,13.2,14.15,5.16,61.75,17.85,183.25,2.84,319.5,28.45,6.6,6.2,8.18,15.75,821.0,0.71,33.85,15.15,0.3,9.94,20.45,250.0,5.58,1696.65,2837.16,4415.86,171.57,1187.57,,3471.85,2313.67
2025-08-28,20.0,72.0,5.55,47.2,440.25,40.25,126.5,8.84,1.0,24.6,30.4,4.78,17.65,47.3,13.75,0.45,90.0,220.25,23.4,56.0,1.36,1.72,4100.0,0.86,4.66,9.54,38.4,288.5,329.0,54.0,8.28,2.97,12.7,4.1,6.0,3.84,425.5,1500.0,20.0,10.4,310.25,2.96,0.27,1.67,63.0,13.5,14.2,5.04,61.75,17.7,184.25,2.86,318.0,28.55,6.28,6.2,8.52,15.05,820.0,0.71,33.5,13.95,0.3,9.56,19.7,245.0,6.02,1705.79,2839.52,4432.56,172.05,1182.55,,3490.06,2325.81
2025-08-29,20.1,72.0,5.55,47.2,427.25,40.8,124.75,9.02,1.0,27.0,31.4,4.73,17.8,47.85,13.0,0.45,89.75,218.25,21.4,56.0,1.4,1.56,4105.0,0.88,4.66,9.58,38.65,294.5,327.0,54.25,8.76,2.99,12.8,4.1,6.0,3.74,387.0,1500.0,20.0,10.9,310.25,2.99,0.27,1.62,64.25,13.3,14.6,5.0,60.75,17.05,182.5,2.84,320.0,28.6,6.32,6.2,8.2,15.65,815.0,0.71,34.95,14.7,0.3,9.5,20.5,250.5,6.62,1709.51,2845.64,4443.4,172.6,,,3497.1,2330.49
2025-09-01,20.5,72.0,5.55,47.2,410.0,39.9,121.5,8.6,1.0,26.7,31.1,4.63,17.8,48.0,13.75,0.45,90.25,218.25,20.95,56.0,1.37,1.49,4100.0,0.97,4.66,9.6,39.05,295.0,311.75,54.25,9.5,3.23,13.6,4.1,6.0,3.75,395.5,1500.0,20.0,10.95,310.25,3.0,0.27,1.61,65.0,13.05,15.0,4.85,56.75,17.0,183.75,2.75,319.25,28.8,6.04,6.2,8.04,16.05,822.0,0.71,34.85,14.85,0.29,9.46,20.6,245.25,6.1,1720.02,2874.69,4466.68,173.64,1191.24,,3514.16,2341.86
2025-09-02,20.55,72.0,5.55,47.2,412.5,37.55,126.5,8.4,1.0,26.55,32.5,4.84,18.2,47.4,13.7,0.45,90.5,220.0,22.95,56.0,1.42,1.44,4185.0,1.05,4.66,9.96,39.95,300.0,327.0,54.0,10.2,3.48,14.4,4.1,6.0,3.69,390.0,1500.0,20.0,10.7,310.25,2.97,0.27,1.62,65.5,13.0,15.25,5.3,58.5,17.2,183.0,2.7,320.0,29.1,5.92,6.46,8.08,16.8,814.0,0.71,35.05,15.0,0.29,9.52,20.1,245.0,6.6,1736.05,2914.06,4499.55,175.21,1183.7,,3536.21,2356.56
2025-09-03,20.65,68.0,5.55,47.2,410.25,39.9,126.0,8.22,1.0,26.2,32.5,5.06,18.45,48.0,13.55,0.45,99.5,224.5,20.8,56.0,1.36,1.35,4265.0,1.15,4.66,10.9,40.0,300.5,312.25,53.75,9.66,3.62,14.25,4.1,6.0,3.69,385.0,1500.0,20.0,10.8,310.0,3.02,0.27,1.61,66.0,13.3,16.2,5.38,57.75,16.7,182.0,2.79,325.75,29.95,6.0,6.18,7.92,16.45,807.0,0.71,35.05,15.0,0.3,9.54,20.0,241.25,7.24,1758.14,2959.67,4555.9,178.04,1191.33,,3567.31,2377.29
2025-09-04,20.85,72.0,5.55,47.2,415.5,39.55,126.25,8.68,1.0,25.7,32.45,5.3,19.2,49.65,13.7,0.45,103.0,223.25,20.85,55.5,1.4,1.44,4265.0,1.24,4.66,11.0,40.55,304.75,324.5,50.5,9.66,3.46,14.0,4.1,6.0,3.73,395.0,1500.0,20.0,10.95,310.0,2.95,0.27,1.59,66.0,13.0,16.1,5.4,53.5,17.4,179.5,2.86,334.0,30.0,5.92,6.2,8.16,16.3,811.0,0.71,35.3,15.15,0.3,9.92,20.6,245.5,7.94,1751.95,2973.85,4546.06,178.08,1189.83,,3586.36,2390.91
2025-09-05,20.75,72.0,5.55,47.2,428.75,39.3,129.5,8.86,1.0,24.4,32.9,5.3,20.3,50.25,13.7,0.45,104.0,222.0,19.55,55.5,1.3,1.48,4275.0,1.35,4.66,11.0,40.15,305.25,326.75,51.0,9.8,3.17,13.5,4.1,6.0,4.02,390.0,1500.0,20.0,11.0,310.0,2.99,0.27,1.63,66.0,13.35,15.7,5.18,54.5,17.65,180.25,2.86,325.0,29.95,6.2,6.42,8.58,16.6,818.0,0.71,35.15,15.3,0.31,10.0,20.25,245.0,8.42,1758.49,2968.82,4555.47,178.28,1192.69,,3601.43,2400.02
2025-09-08,20.8,72.0,5.55,47.2,435.25,38.65,129.5,8.88,1.0,24.8,33.5,5.56,21.0,50.25,13.6,0.45,104.75,221.75,19.55,55.0,1.36,1.5,4275.0,1.47,4.66,11.0,41.2,310.75,327.0,51.25,10.05,3.0,14.1,4.1,6.0,4.4,423.0,1500.0,20.0,11.4,310.0,2.82,0.27,1.64,68.5,13.45,15.6,5.54,54.75,18.0,183.75,2.89,292.75,29.25,6.0,6.86,8.52,15.75,817.0,0.71,35.35,15.25,0.31,10.2,20.0,245.0,9.12,1754.62,2975.81,4556.57,176.82,1184.78,,3573.6,2382.4
2025-09-09,21.7,72.0,5.55,47.2,444.75,37.5,129.5,8.58,1.0,24.95,34.6,5.32,21.45,50.0,13.9,0.45,105.0,224.0,19.6,55.25,1.36,1.6,4400.0,1.59,4.66,11.0,42.1,319.75,320.5,51.75,10.1,3.29,14.5,4.1,6.0,4.38,421.5,1500.0,20.0,11.2,310.0,2.96,0.27,1.57,68.25,13.5,15.6,5.42,54.5,18.1,181.75,3.0,299.25,29.1,5.76,7.54,8.68,15.85,797.0,0.71,37.6,15.15,0.31,10.1,20.5,245.0,9.88,1772.82,3001.82,4593.02,177.52,1189.88,,3602.41,2400.68
2025-09-10,22.65,72.0,5.55,47.2,447.0,37.0,129.75,8.74,1.0,25.85,36.45,5.18,21.25,51.0,14.0,0.45,106.0,224.75,20.5,55.25,1.38,1.76,4390.0,1.67,4.66,10.95,44.0,318.0,326.25,52.25,10.0,3.6,14.55,4.1,6.0,4.36,422.0,1500.0,20.0,11.1,310.0,3.0,0.27,1.66,69.5,13.6,15.65,5.4,54.0,18.45,181.75,3.04,310.25,29.15,6.0,7.54,8.9,15.95,821.0,0.71,37.95,15.75,0.32,10.05,21.55,246.0,9.12,1787.92,3035.87,4636.25,178.78,1182.31,,3625.14,2415.82
2025-09-11,23.0,72.0,5.55,47.2,446.0,37.35,128.25,8.7,1.0,26.15,38.6,5.26,21.0,51.0,13.8,0.45,105.0,224.25,19.05,54.75,1.35,1.91,4380.0,1.77,4.66,11.0,44.25,306.5,327.0,53.0,9.86,3.46,14.3,4.1,6.0,4.37,388.5,1500.0,20.0,11.05,310.0,2.94,0.27,1.63,70.0,13.9,15.8,5.12,53.0,18.6,182.25,2.91,311.25,29.2,6.16,8.24,9.26,15.45,822.0,0.71,37.75,16.5,0.33,9.82,21.4,240.0,8.48,1788.44,3028.96,4638.33,178.82,1188.72,,3629.92,2419.01
2025-09-12,23.05,72.0,5.55,47.2,442.0,37.7,121.25,8.88,1.0,24.0,38.85,5.4,19.9,51.0,13.95,0.45,105.25,223.0,20.35,54.25,1.34,1.91,4390.0,1.69,4.66,11.0,43.75,310.75,327.0,53.0,9.56,3.33,14.4,4.1,6.0,4.34,422.0,1500.0,20.0,11.0,310.0,2.86,0.27,1.65,72.5,13.8,15.5,5.08,54.0,18.1,180.25,2.88,304.5,29.45,6.08,8.2,9.18,14.1,822.0,0.71,37.55,17.7,0.34,9.54,21.8,241.0,8.88,1776.19,3018.52,4626.68,178.69,1189.55,,3612.33,2407.29
2025-09-15,23.0,72.0,5.55,47.2,429.0,38.0,127.75,8.8,1.0,24.6,36.7,5.28,20.8,50.75,13.95,0.45,105.0,223.5,20.8,54.0,1.32,1.79,4390.0,1.66,4.66,11.0,43.55,320.0,326.75,53.0,9.92,3.4,14.5,4.1,6.0,4.29,395.5,1500.0,20.0,11.0,310.0,2.94,0.27,1.65,73.0,14.0,14.95,5.08,56.0,18.55,181.0,2.83,306.25,29.4,6.0,7.92,9.14,14.95,828.0,0.71,38.0,17.5,0.33,8.98,21.7,241.75,8.02,1782.64,3027.44,4640.1,179.02,1195.98,,3621.14,2413.16
2025-09-16,23.3,72.0,5.55,47.2,432.5,37.1,122.75,8.88,1.0,25.3,39.25,5.18,20.3,49.4,13.9,0.45,105.0,220.0,20.65,54.0,1.36,1.73,4390.0,1.51,4.66,10.9,43.55,320.0,327.0,53.0,9.62,3.36,14.45,4.1,6.0,4.23,395.5,1500.0,20.0,11.0,320.0,2.82,0.27,1.67,74.75,13.8,14.75,5.08,58.5,19.0,180.25,2.72,291.25,29.3,6.0,8.18,9.46,14.15,828.0,0.71,37.1,17.2,0.35,8.62,22.05,240.5,7.94,1773.76,3005.44,4628.26,178.06,1197.84,,3597.67,2398.45
2025-09-17,23.3,65.0,5.55,47.2,430.25,38.05,125.25,8.94,1.0,25.3,37.75,4.93,20.35,50.0,14.15,0.45,104.5,220.0,19.75,54.0,1.39,1.6,4430.0,1.37,4.66,10.75,43.5,320.0,327.0,53.0,9.52,3.23,14.4,4.1,6.0,4.06,412.0,1500.0,20.0,10.5,310.0,2.96,0.27,1.63,72.0,13.2,14.15,5.04,59.0,18.6,180.25,2.75,289.75,29.35,6.1,8.2,9.4,13.75,830.0,0.71,35.45,16.0,0.35,8.42,22.4,245.0,7.18,1773.69,2987.99,4613.42,177.6,1192.66,,3606.2,2403.2
2025-09-18,22.75,65.0,5.55,47.2,430.0,38.0,125.0,8.66,1.0,24.4,37.2,4.71,19.8,51.5,14.25,0.45,104.75,214.5,19.05,53.75,1.4,1.64,4430.0,1.24,4.66,10.2,43.25,319.25,311.5,53.25,9.3,3.19,14.4,4.1,6.0,3.99,421.25,1500.0,20.0,10.2,341.0,2.98,0.27,1.63,71.0,13.55,14.0,5.5,59.25,19.45,180.75,2.89,285.25,28.8,6.1,8.5,9.46,14.5,833.0,0.71,35.35,16.0,0.35,8.34,22.3,244.5,7.88,1746.02,2945.51,4552.16,175.02,1192.72,,3564.03,2375.1
2025-09-19,21.25,65.0,5.55,47.2,415.0,38.55,124.25,8.8,1.0,25.1,36.65,4.32,19.15,49.4,14.35,0.45,104.75,211.75,20.0,54.0,1.42,1.69,4430.0,1.12,4.66,10.1,43.0,324.25,327.0,53.75,9.1,3.14,14.25,4.1,6.0,4.06,424.75,1500.0,20.0,10.25,340.75,3.0,0.27,1.63,68.5,13.15,14.2,5.5,57.25,19.0,181.25,2.83,284.0,28.7,6.0,8.36,9.1,14.9,832.0,0.71,34.15,16.85,0.35,8.34,23.25,241.0,8.24,1725.26,2903.15,4499.62,173.5,1191.12,,3537.45,2357.39
2025-09-22,20.2,65.0,5.55,47.2,419.0,38.6,120.75,8.94,1.0,25.35,35.6,4.12,18.95,51.0,14.45,0.45,104.75,211.75,19.75,54.25,1.42,1.72,4490.0,1.01,4.66,10.05,42.9,313.5,327.0,54.25,9.2,3.17,14.3,4.1,6.0,4.0,396.0,1500.0,20.0,10.25,374.75,3.02,0.27,1.65,70.0,13.05,14.05,5.46,57.25,19.0,182.75,2.89,287.0,28.7,5.82,8.32,9.16,15.2,834.0,0.71,34.6,15.65,0.34,7.62,21.5,236.75,8.14,1718.46,2902.38,4494.26,173.4,1193.93,,3541.37,2360.0
2025-09-23,20.0,65.0,5.55,47.2,428.75,38.55,120.75,8.96,1.0,25.3,35.5,4.28,18.95,53.0,14.45,0.45,104.75,214.75,20.0,54.75,1.43,1.71,4470.0,0.94,4.66,10.3,42.8,320.0,326.5,55.5,9.14,3.18,14.15,4.1,6.0,4.01,425.5,1500.0,20.0,10.5,374.75,3.02,0.27,1.68,70.0,13.0,13.75,5.5,58.25,18.75,181.25,2.88,285.25,28.9,5.44,8.48,9.04,15.4,842.0,0.71,34.7,15.95,0.35,6.94,20.0,238.25,7.4,1731.24,2916.97,4520.79,174.32,1191.85,,3573.59,2382.4
2025-09-24,20.35,65.0,5.55,47.2,428.75,38.55,123.0,9.0,1.0,25.3,37.4,4.6,20.35,53.5,15.45,0.45,105.0,215.25,19.85,57.0,1.45,1.7,4470.0,1.01,4.66,10.35,42.8,315.0,327.0,57.5,9.0,3.19,14.05,4.1,6.0,4.01,404.75,1500.0,20.0,10.55,374.75,3.02,0.27,1.71,70.0,13.0,13.95,5.46,57.0,18.65,180.5,2.95,285.0,29.35,5.98,7.98,8.96,15.5,900.0,0.71,35.0,15.45,0.35,6.98,21.5,240.0,8.0,1773.91,2962.3,4606.8,177.13,1166.2,,3660.64,2440.43
2025-09-25,20.7,65.0,5.55,47.2,425.0,37.95,124.5,8.94,1.0,25.35,37.45,4.8,21.4,54.25,15.5,0.45,105.0,214.0,18.0,57.0,1.42,1.7,4535.0,1.11,4.66,10.75,42.85,320.0,329.0,57.0,8.88,3.18,13.7,4.51,6.0,4.04,413.5,1500.0,20.0,10.5,380.0,3.03,0.27,1.64,70.0,12.95,13.9,5.4,57.5,18.7,183.0,2.96,285.0,29.45,5.58,8.1,9.02,15.55,838.0,0.71,34.8,15.45,0.35,7.04,23.45,240.75,7.78,1784.79,2974.45,4629.87,177.8,1163.91,,3669.47,2445.36
2025-09-26,20.6,65.0,5.55,47.2,428.0,38.6,123.75,8.94,1.0,25.35,35.4,4.91,21.15,57.0,15.15,0.45,104.5,215.0,20.0,58.0,1.41,1.61,4755.0,1.22,4.66,10.8,42.95,320.25,327.0,57.0,8.82,3.18,13.95,4.51,6.0,3.99,413.5,1500.0,20.0,10.85,376.0,3.01,0.27,1.61,69.0,13.8,14.05,5.68,59.5,18.9,183.25,2.82,285.0,29.4,5.54,8.22,8.92,15.7,831.0,0.71,32.15,15.45,0.34,7.62,24.25,248.25,7.82,1788.35,2978.63,4634.69,177.89,1164.81,,3677.87,2450.96
2025-09-29,20.75,65.0,5.55,47.2,428.0,38.25,122.0,8.86,1.0,25.35,38.45,4.96,20.95,57.5,15.15,0.45,104.25,214.0,20.2,57.75,1.41,1.68,4595.0,1.32,4.66,10.45,43.0,315.0,334.0,56.75,8.72,3.16,13.75,4.51,6.0,3.97,423.75,1500.0,20.0,10.95,380.0,2.99,0.27,1.62,69.25,13.1,14.95,5.82,59.25,18.8,184.25,2.98,284.75,29.0,5.98,8.08,8.94,15.7,828.0,0.71,34.4,15.35,0.37,7.94,24.9,264.5,7.24,1776.86,2964.45,4612.52,176.68,1174.14,,3656.02,2436.4
2025-09-30,21.5,65.0,5.55,47.2,427.5,38.4,121.0,8.92,1.0,25.7,38.85,4.85,21.4,59.5,15.25,0.45,104.5,211.0,20.55,58.0,1.41,1.6,4620.0,1.24,4.66,10.65,43.0,314.25,365.5,56.75,8.62,3.16,13.95,4.51,6.0,3.91,424.5,1500.0,20.0,10.95,380.0,3.02,0.27,1.67,69.0,13.35,14.75,5.96,58.75,18.55,184.25,2.91,284.0,28.9,5.9,8.26,9.0,15.0,830.0,0.71,34.0,15.0,0.38,8.02,24.1,275.0,7.92,1783.31,2972.64,4624.72,176.74,1179.47,,3662.07,2441.38
2025-10-01,21.5,65.0,5.55,47.2,428.25,37.4,120.0,8.88,1.0,26.8,41.35,4.84,21.0,58.0,15.55,0.45,104.75,211.75,20.4,58.0,1.4,1.68,4680.0,1.25,4.66,10.7,42.95,319.75,399.75,56.5,8.66,3.16,14.4,4.51,6.0,3.94,422.25,1500.0,20.0,11.0,380.0,3.03,0.27,1.61,69.75,13.0,14.8,6.52,58.0,18.5,194.25,2.87,284.25,29.3,5.9,8.06,9.22,14.8,811.0,0.71,34.05,16.4,0.41,8.82,24.0,302.5,7.92,1786.22,2985.91,4651.32,178.16,1181.3,,3674.04,2448.41
2025-10-02,22.0,65.0,5.55,47.2,421.75,37.25,123.0,8.96,1.0,26.75,41.9,4.87,20.85,61.25,15.5,0.45,105.0,213.0,20.85,58.0,1.39,1.62,4680.0,1.31,4.66,10.65,42.95,320.0,390.75,57.0,9.12,3.18,14.75,4.51,6.0,3.94,426.0,1500.0,20.0,10.95,380.0,3.3,0.27,1.61,70.0,13.25,14.7,6.44,58.75,18.75,197.25,2.91,284.0,29.35,5.9,8.18,9.14,15.6,838.0,0.71,33.85,16.6,0.39,8.88,23.9,324.25,8.06,1794.31,3004.28,4672.29,178.96,1177.71,,3693.43,2462.29
2025-10-03,22.05,65.0,5.55,47.2,428.25,38.5,125.0,8.92,1.0,26.7,45.5,4.87,20.7,60.25,15.6,0.45,105.0,213.0,20.9,58.25,1.4,1.67,4675.0,1.28,4.66,10.5,42.95,322.75,385.75,57.0,10.0,3.19,15.5,4.51,6.0,3.91,438.0,1500.0,20.0,10.9,379.0,3.22,0.27,1.69,70.75,13.25,14.9,7.04,59.25,18.85,197.5,2.95,284.0,28.9,5.9,8.16,9.0,15.15,846.0,0.71,33.8,16.7,0.39,8.92,22.9,325.75,8.0,1790.15,3030.95,4668.95,178.5,1160.97,,3693.64,2461.48
2025-10-06,22.05,65.0,5.55,47.2,433.5,38.5,124.75,8.9,1.0,26.9,49.05,4.88,20.85,61.0,15.7,0.45,104.75,214.0,21.65,58.5,1.4,1.67,4755.0,1.26,4.66,10.65,42.8,325.0,413.5,56.5,9.58,3.17,15.15,4.51,6.0,3.89,416.75,1500.0,20.0,10.85,380.0,3.25,0.27,1.63,70.0,13.6,14.95,7.04,59.5,18.9,197.5,2.95,283.75,28.65,5.82,8.18,9.0,15.05,846.0,0.71,34.5,16.05,0.39,8.74,23.25,334.5,7.56,1787.02,3022.14,4659.81,177.67,1160.95,164.75,3681.58,2453.43
2025-10-07,22.2,65.0,5.55,47.2,426.5,38.35,129.0,8.78,1.0,27.65,50.5,4.84,20.7,61.0,15.6,0.45,104.75,215.5,21.65,58.5,1.42,1.57,4765.0,1.26,4.66,10.45,42.9,325.5,391.5,56.75,9.28,3.1,14.25,4.51,6.0,3.86,430.0,1500.0,20.0,10.75,380.0,3.25,0.27,1.63,70.0,13.75,14.95,7.04,56.0,18.9,199.0,2.96,283.0,28.2,5.64,8.06,9.0,15.0,845.0,0.71,34.0,16.0,0.38,8.62,25.25,328.75,7.6,1781.15,2995.01,4646.37,176.28,1164.72,164.63,3668.87,2445.91
2025-10-08,21.95,65.0,5.55,47.2,433.0,38.15,130.0,8.82,1.0,27.45,50.5,4.73,20.55,56.5,15.55,0.45,104.75,216.75,20.05,58.75,1.39,1.58,4765.0,1.24,4.66,10.15,43.0,317.75,387.0,56.5,9.1,3.04,13.65,4.51,6.0,3.86,420.5,1500.0,20.0,10.65,376.75,3.09,0.27,1.69,69.75,13.6,14.55,6.96,56.75,18.5,199.0,2.96,280.5,27.4,5.88,8.14,8.98,15.1,841.0,0.71,34.2,16.0,0.36,8.18,25.7,308.0,7.46,1766.12,2968.93,4609.76,173.75,1177.8,165.2,3639.83,2426.55
2025-10-09,21.9,65.0,5.55,47.2,430.0,38.35,127.75,8.5,1.0,26.8,51.75,4.56,20.0,55.5,15.35,0.45,103.25,217.0,20.25,59.0,1.37,1.67,4900.0,1.16,4.66,10.15,42.9,320.0,383.5,56.5,9.28,2.95,13.4,4.51,6.0,3.87,398.5,1500.0,20.0,10.85,380.0,2.94,0.27,1.63,69.0,13.75,14.7,6.6,59.75,18.5,198.5,2.98,280.5,27.1,5.96,8.16,8.74,15.15,834.0,0.71,34.7,15.7,0.37,8.04,24.95,301.0,7.44,1758.04,2942.0,4585.44,172.58,1179.24,165.87,3628.37,2418.91
2025-10-13,21.75,65.0,5.55,47.2,432.5,38.5,128.25,8.46,1.0,25.4,51.75,4.68,19.95,58.0,15.05,0.45,100.5,214.75,20.85,59.25,1.34,1.61,5310.0,1.22,4.66,10.4,42.05,314.75,394.25,57.25,9.06,3.02,13.05,4.51,6.0,3.93,401.5,1500.0,20.0,10.9,339.5,3.0,0.27,1.62,69.5,13.25,15.0,6.78,56.25,18.05,198.5,2.91,282.0,26.6,6.04,8.18,8.24,14.1,831.0,0.71,35.0,15.9,0.39,8.26,25.5,302.0,7.36,1748.08,2935.11,4564.51,171.21,1179.54,165.59,3619.77,2413.18
2025-10-14,21.85,65.0,5.55,47.2,431.75,41.75,126.75,8.46,1.0,26.45,52.25,4.48,19.7,56.5,13.95,0.45,100.5,214.25,20.7,59.0,1.36,1.58,5050.0,1.2,4.66,10.65,42.25,320.75,363.25,57.5,9.1,3.01,12.9,4.51,6.0,3.89,401.5,1500.0,20.0,11.0,380.0,3.0,0.27,1.63,75.25,13.3,14.75,6.8,57.5,18.45,199.0,2.81,282.25,26.0,6.26,7.42,8.92,13.55,828.0,0.71,34.9,16.0,0.39,8.5,24.85,238.0,7.38,1737.49,2939.16,4572.87,170.34,1180.04,164.16,3600.06,2399.11
2025-10-15,21.95,65.0,5.55,47.2,431.75,42.35,129.0,8.46,1.0,25.85,52.25,4.65,19.7,58.5,14.05,0.45,104.0,213.0,20.4,58.75,1.33,1.57,5090.0,1.18,4.66,10.05,42.15,324.75,355.0,57.0,9.1,3.0,12.15,4.51,6.0,3.78,425.0,1500.0,20.0,10.95,376.75,3.17,0.27,1.6,81.25,13.35,14.7,7.04,58.25,18.45,199.0,2.86,289.5,26.55,6.4,8.16,8.9,14.1,820.0,0.71,35.0,15.55,0.39,8.24,25.75,214.5,7.16,1740.24,2950.65,4612.06,172.24,1178.78,162.74,3609.97,2406.65
2025-10-16,22.0,65.0,5.55,47.2,432.75,42.45,129.0,8.56,1.0,26.85,52.5,4.59,19.95,54.0,14.35,0.45,103.75,212.5,20.5,59.25,1.3,1.52,5335.0,1.13,4.66,10.35,42.1,321.5,319.5,57.0,9.12,3.01,13.05,4.51,6.0,3.85,425.0,1500.0,20.0,10.8,380.0,3.04,0.27,1.64,83.25,13.5,14.95,6.42,58.5,18.15,199.0,2.67,290.75,27.95,6.38,8.16,9.0,14.2,820.0,0.71,35.1,16.0,0.37,8.1,23.45,193.25,7.24,1767.79,2984.54,4682.27,176.39,1186.05,161.61,3662.31,2441.54
2025-10-21,22.4,65.0,5.55,47.2,430.5,42.9,133.75,8.7,1.0,26.5,53.25,4.51,20.0,54.0,13.9,0.45,103.75,215.0,20.55,60.0,1.32,1.41,5300.0,1.19,4.66,10.25,41.95,316.25,319.5,57.75,9.2,3.02,13.7,4.51,6.0,3.85,414.25,1500.0,20.0,10.9,380.0,3.02,0.27,1.62,91.25,13.5,14.65,6.98,58.25,18.15,198.5,2.75,285.5,27.95,6.38,8.0,9.06,13.75,830.0,0.71,33.75,16.4,0.37,8.0,23.4,191.25,7.48,1781.09,3006.77,4745.8,177.72,1184.35,159.12,3687.58,2457.43
2025-10-22,22.4,65.0,5.55,47.2,438.5,40.5,133.25,8.56,1.0,26.35,53.5,4.5,20.0,54.0,14.05,0.45,103.75,215.25,20.55,60.0,1.28,1.48,5045.0,1.19,4.66,10.15,42.3,315.0,287.75,58.25,9.18,3.01,13.7,4.51,6.0,3.85,415.0,1500.0,20.0,10.95,376.75,2.86,0.27,1.62,96.25,13.45,14.6,7.0,55.0,18.5,198.75,2.9,290.0,27.95,6.16,8.06,9.0,13.75,835.0,0.71,34.5,17.0,0.37,7.88,23.35,196.75,6.9,1783.78,3010.7,4776.45,178.36,1188.57,157.6,3699.46,2466.31
2025-10-23,22.5,70.0,5.55,47.2,449.5,40.85,132.25,8.52,1.0,26.85,52.75,4.54,20.05,50.5,14.85,0.45,103.75,219.75,20.0,59.5,1.29,1.48,5120.0,1.18,4.66,10.75,43.35,324.5,259.0,58.25,9.18,3.0,13.45,4.51,6.0,3.81,402.5,1500.0,20.0,10.9,376.75,2.87,0.27,1.6,91.75,13.65,14.65,7.48,57.5,18.65,198.25,2.89,295.0,28.1,5.76,7.88,9.0,13.3,842.0,0.71,34.2,16.5,0.35,7.96,22.85,192.75,7.02,1794.08,3032.53,4780.64,178.8,1191.98,158.03,3712.28,2474.85
2025-10-24,22.5,65.0,5.55,47.2,450.0,41.4,131.5,8.5,1.0,26.55,55.25,4.58,20.35,54.5,14.5,0.45,104.0,222.25,20.3,59.5,1.35,1.49,4950.0,1.16,4.66,10.4,43.75,319.5,234.0,58.25,9.98,2.99,13.15,4.51,6.0,3.73,410.0,1500.0,20.0,10.65,375.0,2.89,0.27,1.57,91.0,13.65,14.4,7.82,60.0,18.7,198.25,2.86,295.0,28.3,6.0,7.92,8.96,13.7,850.0,0.71,36.65,16.8,0.37,8.0,23.0,192.25,7.04,1805.26,3041.37,4792.9,179.81,1193.33,157.91,3735.53,2490.35
2025-10-27,22.6,70.0,5.55,47.2,440.75,42.7,120.25,8.5,1.0,26.75,54.5,4.78,20.75,54.75,14.65,0.45,104.0,226.25,20.3,59.75,1.34,1.62,5305.0,1.16,4.66,10.65,43.75,316.5,215.75,58.0,9.96,2.98,13.05,4.51,6.0,3.77,405.0,1500.0,20.0,10.65,375.0,2.99,0.27,1.59,89.0,13.4,14.9,7.5,60.75,18.65,198.0,2.86,298.0,28.65,6.38,8.16,8.98,13.45,857.0,0.71,40.05,17.2,0.4,8.12,23.05,192.0,7.02,1820.79,3058.83,4814.08,181.06,1179.87,157.65,3757.06,2504.71
2025-10-28,22.8,70.0,5.55,47.2,445.75,42.3,129.0,8.52,1.0,26.75,53.0,4.61,20.7,54.5,14.65,0.45,105.0,224.0,19.75,60.0,1.34,1.62,4805.0,1.19,4.66,10.6,43.75,320.0,222.0,58.75,10.0,2.99,13.3,4.51,6.0,3.76,406.0,1500.0,20.0,10.85,375.0,2.98,0.27,1.56,85.5,13.6,15.0,7.4,60.0,18.6,198.0,2.88,302.0,29.5,6.3,8.16,8.88,14.15,857.0,0.71,44.0,17.85,0.37,8.04,23.0,192.0,7.0,1836.82,3061.14,4834.7,183.22,1171.2,157.58,3798.15,2532.1
2025-10-29,22.75,58.5,5.55,47.2,445.25,40.2,130.25,8.58,1.0,26.75,53.25,4.64,20.75,50.25,14.6,0.45,104.0,228.25,20.0,60.5,1.35,1.71,4860.0,1.17,4.66,10.65,43.7,315.0,233.25,59.75,10.0,3.0,13.35,4.51,6.0,3.76,415.0,1500.0,20.0,10.5,375.0,3.0,0.27,1.59,82.0,13.5,15.0,7.24,59.5,18.7,197.5,2.85,303.75,29.5,6.0,8.16,8.72,14.2,856.0,0.71,45.95,16.2,0.37,8.02,24.6,193.0,6.8,1848.44,3055.75,4837.81,183.23,1166.12,157.63,3825.85,2550.57
2025-10-30,22.9,70.25,5.55,47.2,450.0,42.85,131.25,8.7,1.0,26.6,55.5,4.7,21.0,54.0,14.7,0.45,105.0,231.25,20.4,63.5,1.36,1.74,4835.0,1.15,4.66,10.6,43.8,319.25,232.5,60.75,10.0,3.0,13.45,4.51,6.0,3.76,414.75,1500.0,20.0,10.85,385.0,2.98,0.27,1.57,81.5,13.55,15.55,7.6,59.5,18.6,197.25,2.8,308.0,29.55,6.0,8.06,9.0,15.25,857.0,0.71,46.25,16.25,0.35,7.88,24.7,192.5,7.38,1877.52,3090.7,4900.89,184.97,1169.8,155.02,3890.28,2592.51
2025-10-31,23.0,59.75,5.55,47.2,449.75,42.8,130.75,8.66,1.0,27.8,54.25,4.64,21.1,50.25,14.6,0.45,105.0,231.75,20.4,66.25,1.37,1.74,4910.0,1.13,4.66,10.65,43.9,320.0,232.0,61.5,10.25,3.0,13.7,4.51,6.0,3.74,412.75,1500.0,20.0,10.75,385.0,2.9,0.27,1.55,88.0,13.5,16.25,7.82,59.5,18.55,196.0,2.8,303.0,30.25,6.08,7.46,9.0,15.0,855.0,0.71,46.4,16.3,0.36,7.94,24.65,195.0,6.9,1910.77,3116.69,4998.39,188.29,1175.76,152.1,3957.32,2638.22
